state_id,daily_state_label,intraday_cluster,intraday_cluster_label,n,state_total_n,prob
1,Mild Trend Up,2,Strong Uptrend,43,81,0.5308641975308642
1,Mild Trend Up,4,Flat / Chop,26,81,0.32098765432098764
1,Mild Trend Up,1,Strong Downtrend,12,81,0.14814814814814814
2,Weak Pullback / Neutral,2,Strong Uptrend,35,55,0.6363636363636364
2,Weak Pullback / Neutral,1,Strong Downtrend,17,55,0.3090909090909091
2,Weak Pullback / Neutral,4,Flat / Chop,3,55,0.05454545454545454
3,Strong Momentum Up,4,Flat / Chop,42,79,0.5316455696202531
3,Strong Momentum Up,2,Strong Uptrend,20,79,0.25316455696202533
3,Strong Momentum Up,1,Strong Downtrend,16,79,0.20253164556962025
3,Strong Momentum Up,3,Mild Up Drift,1,79,0.012658227848101266
4,Oversold Rebound,1,Strong Downtrend,12,27,0.4444444444444444
4,Oversold Rebound,3,Mild Up Drift,6,27,0.2222222222222222
4,Oversold Rebound,4,Flat / Chop,5,27,0.18518518518518517
4,Oversold Rebound,2,Strong Uptrend,4,27,0.14814814814814814
