date,ret_cc_1d,ret_oc_1d,gap_ret,range,body_ratio,close_location,vol_5d,vol_20d,ma_5_gap,ma_20_gap,ma_slope_5,next_ret_1d,state_id,daily_state_label,intraday_cluster,intraday_cluster_label,day_ret,day_range,max_ret_from_open,min_ret_from_open,close_location_intraday,final_direction
20250415,0.008762615781874095,0.005234266565213419,0.0035099770610851344,0.008654896121533097,0.6047752037359215,0.7585500412050179,0.03195146057528106,0.022883300289549567,0.023318869107950668,-0.012856276545979317,0.011969965004183125,-0.012101340324106369,3,Strong Momentum Up,4,Flat / Chop,0.01280276816609005,0.01903114186851211,0.01730103806228378,6.920415224913601e-4,0.7272727272727273,UP
20250416,-0.012101340324106369,-0.010251659005616531,-0.0018688400292052876,0.01338983129497763,-0.7656301845611604,0.14225145444222417,0.030792802183990213,0.02288647854437877,-0.0017424717873759654,-0.02126898250928655,0.012699940287824507,0.00938943345084664,2,Weak Pullback / Neutral,2,Strong Uptrend,-0.02071108042802905,0.027959958577839145,0.0037970314118052073,-0.022091819123230882,0.06172839506172839,DOWN
20250428,0.0010054033478608115,-9.289139219191833e-4,0.001936115754658907,0.006553690114621873,-0.14173906694896693,0.4120902387384099,0.007443861657667139,0.021694249069523944,0.009074676407633264,0.03473499859849194,0.004808575336386456,0.006496949128320217,1,Mild Trend Up,2,Strong Uptrend,0,0.012670565302144249,0.008447043534762777,-0.003898635477582846,0.3076923076923077,FLAT
20250429,0.006496949128320217,0.005948405793549716,5.452996710482161e-4,0.011434138656749339,0.5202320849973626,0.7945813344050101,0.006767993051122457,0.0214559230466691,0.009334671484903634,0.04052767747812824,0.00623768502152422,-0.003434063319616709,1,Mild Trend Up,4,Flat / Chop,0.009715025906735786,0.025582901554404146,0.019753886010362764,-0.0045336787564767,0.5949367088607594,UP
20250430,-0.003434063319616709,-0.0017297393141290085,-0.0017072771498939376,0.010296643857685686,-0.16799059363774396,0.460754360626597,0.005402259318857021,0.021416124312509704,0.0034169476194194637,0.03588829975720631,0.0024432562144149905,0.001243807818561704,2,Weak Pullback / Neutral,2,Strong Uptrend,0.0016103059581320522,0.020933977455716585,0.010305958132045046,-0.009339774557165836,0.5384615384615384,UP
20250502,0.001243807818561704,0.0012790901327850435,-3.523724261411676e-5,0.01035390706933654,0.12353695317327823,0.7261047214100589,0.00507375629045251,0.021314444825145364,0.0017194963377034078,0.03564323404784919,0.0029404530282290953,0.005473108947152472,1,Mild Trend Up,4,Flat / Chop,-9.637006103436763e-4,0.024734982332155476,0.007067137809187329,-0.016382910375843274,0.6623376623376623,DOWN
20250507,0.005473108947152472,-0.0012572525786419542,0.006738833942145472,0.008800862787332093,-0.14285560507222975,0.6450623264225279,0.0039765506670584785,0.02119085015578936,0.005038862835466507,0.039033415572316654,0.0021523082541079486,0.0022068270778108356,1,Mild Trend Up,2,Strong Uptrend,-0.006297229219143552,0.020780856423173802,6.297229219143219e-4,-0.016372795969773257,0.5303030303030303,DOWN
20250508,0.0022068270778108356,-6.934722245079961e-4,0.002902311975060412,0.00585753250627407,-0.1183898209297444,0.24470781999321825,0.003925536458990533,0.016218702645255177,0.004853862004463583,0.036071386907641,0.0023913405706250668,-8.56746690896304e-4,2,Weak Pullback / Neutral,2,Strong Uptrend,-0.003783102143757877,0.012610340479192938,0.008511979823455196,-0.003783102143757877,0,DOWN
20250509,-8.56746690896304e-4,-0.004119088379884062,0.003275835143461636,0.0071022506167595,-0.5799694494255164,0.3302517101680282,0.003339388259231024,0.016266794661603457,0.0030668681472842962,0.030155586799553546,9.232571281942992e-4,0.011663527052247824,2,Weak Pullback / Neutral,2,Strong Uptrend,-0.003783102143757877,0.015132408575031526,0.004413619167717542,-0.00914249684741486,0.3958333333333333,DOWN
20250512,0.011663527052247824,0.005162084327785532,0.006468054083844876,0.008377210328535806,0.616205649057367,1,0.004880707589563977,0.015431850657186255,0.010775606975558905,0.0356791720310774,0.003948016449976777,4.1799224392180534e-4,1,Mild Trend Up,2,Strong Uptrend,0.012788521522145935,0.018091079226450407,0.013100436681222627,-0.003119151590767366,0.9482758620689655,UP
20250513,4.1799224392180534e-4,0.002559771879180772,-0.0021363111660110956,0.007325738877369389,0.3494216654497944,0.35886203230475605,0.005007344638797799,0.006540034398522453,0.007399763653364921,0.03276130840152325,0.003770439326370445,0.012325525585337838,1,Mild Trend Up,1,Strong Downtrend,-0.0045745654162854255,0.016773406526379993,0.007014333638304393,-0.008234217749313766,0.23636363636363636,DOWN
20250514,0.012325525585337838,0.0057934760623892245,0.006494424231623608,0.010231018345232587,0.5662658268117325,0.7974713458584426,0.006345261263226234,0.006532441524808002,0.014583820147018312,0.041206338109623486,0.005157459604629988,-0.007274929443336187,1,Mild Trend Up,4,Flat / Chop,0.008428657435279874,0.021372667068031308,0.017158338350391267,-0.003913305237808529,0.5774647887323944,UP
20250515,-0.007274929443336187,-0.00498762291824828,-0.002298771932663146,0.00977415069273107,-0.5102870904126213,0.12737977851941748,0.008497238514588721,0.006873194362989707,0.003971699701734055,0.030270544813807643,0.003218312568296522,0.0021019659794259127,2,Weak Pullback / Neutral,1,Strong Downtrend,-0.007202881152461038,0.021908763505402162,0.009303721488595373,-0.01200480192076836,0.2191780821917808,DOWN
20250516,0.0021019659794259127,-0.0014330260106146797,0.003540064995257941,0.005656373893850276,-0.25334711557393186,0.5221828443919406,0.008238386425109977,0.006754301464897552,0.0022740416345869985,0.02941264053905801,0.003799332583747317,-0.008927047880695094,2,Weak Pullback / Neutral,2,Strong Uptrend,0.0012037315678603555,0.010833584110743304,0.0054167920553716,-0.004513993379476333,0.5555555555555556,UP
20250519,-0.008927047880695094,-0.003933132910786452,-0.0050136342598186,0.00994375434055549,-0.39553802075994543,0.3839932365788361,0.008496474662878832,0.006410426420320919,-0.0063768278856543015,0.017114263310460398,-2.983815669048706e-4,-6.222096686224754e-4,2,Weak Pullback / Neutral,2,Strong Uptrend,-0.010968921389396757,0.022242535039609993,0.003656307129798808,-0.017367458866544783,0.3013698630136986,DOWN
20250520,-6.222096686224754e-4,-0.007961277531657651,0.007397965116497263,0.00945971872275133,-0.8415977012625344,0.14913256118322,0.008488108435925781,0.006284217181886504,-0.00649304169530962,0.013879182075514418,-5.053091282403166e-4,0.009139837362823311,2,Weak Pullback / Neutral,2,Strong Uptrend,-0.012135922330097082,0.018021844660194176,0.004854368932038833,-0.012439320388349495,0.03367003367003367,DOWN
20250521,0.009139837362823311,0.0037005146001867217,0.005419268679764944,0.007140919889132022,0.5182125913243502,0.5808424712140421,0.007326769644511386,0.006428331176729474,0.003736524510288275,0.02031971474247163,-0.0011447966272027932,-0.012153564279322238,1,Mild Trend Up,2,Strong Uptrend,0.004256612952265204,0.01459410155062329,0.013681970203709426,0.0018242626938278494,0.2916666666666667,UP
20250522,-0.012153564279322238,-0.008027808946457382,-0.0041591441474614355,0.010877109208174649,-0.7380461842218216,0.19619709846338743,0.00857112536179718,0.007248557916332367,-0.006358770666977431,0.005862158942053997,-0.0021171436236454566,-6.091114258798269e-4,2,Weak Pullback / Neutral,2,Strong Uptrend,-0.01591187270501837,0.021113831089351286,6.11995104039087e-4,-0.019583843329253336,0.18840579710144928,DOWN
20250523,-6.091114258798269e-4,-0.004409322648260439,0.0038170417911997934,0.005619162314966594,-0.7846939456645085,0.1763567185101128,0.008321587515906403,0.007246426565795677,-0.004310633446014012,0.003198182882202749,-0.0026648626932299635,0.02018055417807396,2,Weak Pullback / Neutral,2,Strong Uptrend,-0.003712871287128716,0.009591584158415841,0.005259900990099098,-0.004022277227722748,0.06451612903225806,DOWN
20250526,0.02018055417807396,0.017683600621652085,0.002453565680823111,0.01864186046162023,0.9485963409102364,1,0.012129206578393318,0.007745634431574037,0.012594981303083008,0.021095079128382155,0.0031482957313053728,-0.0027151459332083183,1,Mild Trend Up,4,Flat / Chop,0.026234567901234573,0.029938271604938272,0.027469135802469236,-0.0012345679012345512,0.9484536082474226,UP
20250527,-0.0027151459332083183,0.0026346644429733335,-0.005335752458901721,0.006451748838000206,0.4083643844681984,0.6812067502050094,0.012328018945793407,0.007787400664358493,0.0071137384408113125,0.016068863997455995,0.0027126029687858377,0.012486607869818922,1,Mild Trend Up,2,Strong Uptrend,0.009975816203143806,0.015417170495767836,0.012091898428053138,-0.0012091898428052694,0.8235294117647058,UP
20250528,0.012486607869818922,0.008037342123966118,0.0044137906007311045,0.018487186456512147,0.4347520453083792,0.5442090726439692,0.01284063488642171,0.007960146246754226,0.016229818698748844,0.026307506481109577,0.0034041060502532083,0.018909047087602326,1,Mild Trend Up,4,Flat / Chop,0.021099554234769613,0.04190193164933135,0.0389301634472512,-0.0014858841010401136,0.5673758865248227,UP
20250529,0.018909047087602326,0.010991889196197313,0.00783107953289286,0.01263442630773806,0.8699951171875,1,0.010756568561943637,0.008760629844751849,0.02553429931510509,0.04227315555896505,0.009664676143804618,-0.008442855949362116,1,Mild Trend Up,4,Flat / Chop,0.01911009697661159,0.025955504848830576,0.01950941243582438,-0.00513405590416427,0.978021978021978,UP
20250530,-0.008442855949362116,-0.005738551847759732,-0.0027199124602770297,0.010198110736459334,-0.5627073480623985,0.28188748500035293,0.012967745980915352,0.009104127006621518,0.008845872512314168,0.030861973630737394,0.007959579021269647,4.819154551056748e-4,2,Weak Pullback / Neutral,1,Strong Downtrend,-0.012990680598700899,0.021180457497881954,0.006212934199378628,-0.014120304998587963,0.06666666666666667,DOWN
20250602,4.819154551056748e-4,0.0022503755385574475,-0.0017644893198485168,0.012896912909414996,0.17448947312923974,0.39821447400794346,0.011252704234632224,0.009010153213673577,0.00522920129015092,0.028561073428463812,0.004081506620261965,0.026628720574011,1,Mild Trend Up,1,Strong Downtrend,0.0063309352517986195,0.02935251798561151,0.02561151079136681,-0.0031654676258993097,0.3333333333333333,UP
20250604,0.026628720574011,0.012023787018971888,0.014431413314957231,0.013517564728584014,0.889493578199521,0.994867836905398,0.014078358842633141,0.010458201177615034,0.02182658030596496,0.05172084910121155,0.009953341099359747,0.014872731601365041,3,Strong Momentum Up,4,Flat / Chop,0.02756124721603559,0.029788418708240536,0.029231625835189234,0.00111358574610243,0.9345794392523364,UP
20250605,0.014872731601365041,0.007784014827994845,0.007033964291029315,0.015535831404354744,0.5010362577578535,0.5603225915454884,0.014222884575016657,0.010734462213701387,0.02628290921346066,0.06255834944926608,0.010465948003331116,0.015547365780827604,3,Strong Momentum Up,1,Strong Downtrend,0.02027207255268082,0.041077620698853026,0.039743931715124026,-8.00213390237392e-4,0.525974025974026,UP
20250609,0.015547365780827604,0.005000760372642743,0.010494126794764025,0.009107717739364878,0.5490684401679167,0.5556436017169002,0.013798528941173116,0.010996364625464914,0.03205930100993326,0.07347486530727254,0.009863390580095333,0.0056307328724038985,3,Strong Momentum Up,1,Strong Downtrend,0.0010136847440445074,0.020780537252914344,0.014191586416624435,-0.005321844906234108,0.35365853658536583,UP
20250610,0.0056307328724038985,-2.680547722417881e-4,0.00590036926678561,0.012532113029705636,-0.021389431423611112,0.6161159939236112,0.010075598220234362,0.010904915283929999,0.02496668385008749,0.07357537344662624,0.012589548124473104,0.012253404672816659,1,Mild Trend Up,1,Strong Downtrend,-0.0020005001250312793,0.028007001750437608,0.010252563140785265,-0.01625406351587899,0.5535714285714286,DOWN
20250611,0.012253404672816659,0.00682985267869185,0.005386761208654445,0.009780692672018676,0.6982994873390911,0.9603444251368104,0.007597187014585386,0.010923296009578828,0.022342098026608914,0.08067639381087566,0.014852090514669847,0.004468459346904652,1,Mild Trend Up,2,Strong Uptrend,0.015857284440039754,0.02130822596630327,0.016600594648166433,-0.0027254707631317876,0.9302325581395349,UP
20250612,0.004468459346904652,0.0034501971127713915,0.0010147611082873542,0.008357440555118962,0.4128293931636802,0.41282939316368017,0.005190026095938293,0.010861260696601961,0.016246546419131258,0.07925434516430219,0.010493364773257241,-0.008701935204239564,1,Mild Trend Up,4,Flat / Chop,0.0051294577430385235,0.019052271617000488,0.01783097215437235,0.0014655593551538004,0.32051282051282054,UP
20250613,-0.008701935204239564,-0.01226722116629031,0.00360956529787404,0.0188733977222695,-0.6499741777716962,0.3173044242084494,0.00933752516864079,0.011200037875427503,0.0016464649664713615,0.06486332354126545,0.005747307114373212,0.01797810863431648,2,Weak Pullback / Neutral,2,Strong Uptrend,-0.025108643167551903,0.03693867696764848,0.0019314340898117788,-0.03404152583293096,0.2549019607843137,DOWN
20250616,0.01797810863431648,0.014864788052135314,0.003067719580809092,0.020988526105346995,0.7082340121228632,0.9932695273846105,0.010008477052457337,0.011206863644878039,0.013280378718349972,0.07755996008655264,0.006290258197370502,0.0012353433471541386,1,Mild Trend Up,4,Flat / Chop,0.026238352133398646,0.044384502206964195,0.027464443354585644,-0.015203531142716997,0.9447513812154696,UP
20250617,0.0012353433471541386,-0.0032534158020296466,0.004503410616446324,0.024605338574562766,-0.13222398026227572,0.3365369143715305,0.01027428572500065,0.011224087017133975,0.009087713046351364,0.07254835302618345,0.005395383152782429,0.007419547915751723,2,Weak Pullback / Neutral,1,Strong Downtrend,-0.001423487544483959,0.05005931198102016,0.034638196915776964,-0.01399762752075917,0.26066350710900477,DOWN
20250618,0.007419547915751723,0.013144145694610199,-0.005650329030854495,0.015574625079517995,0.8439462027176498,0.8439462027176498,0.009684152315998068,0.010670462146612174,0.012064292459312176,0.07331165155204533,0.0044566291477614595,0.0018673264285051783,1,Mild Trend Up,1,Strong Downtrend,0.03354247104247099,0.044642857142857144,0.04029922779922779,7.239382239381253e-4,0.8324324324324325,UP
20250619,0.0018673264285051783,-0.0039537818701441685,0.005844215050159862,0.01390507885596017,-0.2843408448884425,0.5597782358710526,0.00975453075007037,0.010594809241369305,0.009984726212494133,0.06806591140283524,0.003930178887317837,0.014809922223188776,1,Mild Trend Up,2,Strong Uptrend,-0.009225092250922495,0.030904059040590407,0.004612546125461359,-0.025599630996309908,0.5373134328358209,DOWN
20250620,0.014809922223188776,0.01182649643343714,0.0029485547178966787,0.016638074106748862,0.7108092173144008,0.9955731341816931,0.007540778025185663,0.010734978935363222,0.01617289837802227,0.07623551516412408,0.008630050152178992,-0.0024389501009779435,1,Mild Trend Up,4,Flat / Chop,0.01940401940401948,0.030723030723030724,0.01963501963501968,-0.009471009471009428,0.9624060150375939,UP
20250623,-0.0024389501009779435,0.007442690961387166,-0.0098086383980166,0.016192083404352676,0.45964998916609134,0.8897813566069206,0.006717985530156058,0.010013112067436967,0.009092454751766565,0.06562542305408758,0.0045605817499425605,0.029580630340199088,1,Mild Trend Up,4,Flat / Chop,0.016628175519630473,0.039722863741339494,0.019630484988452546,-0.01893764434180134,0.9186046511627907,UP
20250624,0.029580630340199088,0.013883717011118346,0.015481966093068733,0.014341110836134256,0.9681061090565303,0.9681061090565303,0.012587258074603964,0.01094385355225556,0.028384558618387956,0.08731607628588778,0.010266088622196357,0.0014853873456450728,3,Strong Momentum Up,4,Flat / Chop,0.03164139749505601,0.03361898483849703,0.03252032520325199,0.0028565150516370874,0.9673202614379085,UP
20250625,0.0014853873456450728,-0.006247234890599196,0.0077812334292153285,0.014140968516546322,-0.4417826744532638,0.5288243930980426,0.013186100966550105,0.010744436016781567,0.020708741779302375,0.08015472742170493,0.009016642918988627,-0.009230255419046096,1,Mild Trend Up,1,Strong Downtrend,-0.008808724832214732,0.03166946308724832,0.0010486577181207934,-0.02558724832214765,0.5761589403973509,DOWN
20250626,-0.009230255419046096,-0.009258970538325362,2.8983476433763755e-5,0.024604765986417747,-0.376308010547082,0.5623695181669018,0.015440853444117487,0.011181627143631,0.004569505469716351,0.06202199838951472,0.006687276368566142,-0.0076699647800621,2,Weak Pullback / Neutral,2,Strong Uptrend,-0.01717557251908397,0.04855810008481764,0.004240882103477617,-0.04177268871925366,0.519650655021834,DOWN
20250627,-0.0076699647800621,-0.007125114103674224,-5.487606586966898e-4,0.016800566290546267,-0.4240996392891541,0.27247832902117053,0.015808943112931528,0.01163995784338449,-0.005348320905229964,0.04691204989234765,0.002224712123225947,0.0051571726106542926,2,Weak Pullback / Neutral,1,Strong Downtrend,-0.01164546042700021,0.031485874487815396,0.010782833728703922,-0.019624757386241143,0.2602739726027397,DOWN
20250630,0.0051571726106542926,-3.4172933955745055e-4,0.005500781728718929,0.007348491782605158,-0.04650333016175071,0.36669622005016866,0.015597812638135254,0.011290050294811907,-0.00392955022018926,0.046021060562632776,0.0037254590901161233,0.005843653825962747,2,Weak Pullback / Neutral,2,Strong Uptrend,-0.0010773540185304853,0.018315018315018316,0.009049773755656076,-0.007756948933419494,0.4235294117647059,DOWN
20250701,0.005843653825962747,3.2397839142550566e-6,0.00584039512043022,0.014587482660241886,2.2209342007616177e-4,0.026624125845715493,0.0071253136639555315,0.010757794376323146,0.002800998280662048,0.04515811050200447,-9.073162149091374e-4,-0.004722167304111791,2,Weak Pullback / Neutral,1,Strong Downtrend,-0.0038461538461538325,0.03418803418803419,0.029700854700854595,-0.0038461538461538325,0,DOWN
20250702,-0.004722167304111791,-0.002840635825515414,-0.001886891450048278,0.01885328437780132,-0.15067060829253134,0.7325419287651905,0.0071502805251210605,0.010980833117476815,2.205569040385491e-4,0.033647527529625965,-0.002154477525095455,0.013401351567860376,2,Weak Pullback / Neutral,2,Strong Uptrend,-0.004092181779022153,0.035968124057721304,0.0017230239069567777,-0.02950678440663368,0.7065868263473054,DOWN
20250703,0.013401351567860376,0.005141369146052455,0.008217732027909097,0.0097699400706452,0.5262436728245801,1,0.00855306854867043,0.01007178431224416,0.011209973770040182,0.04145351485019155,0.002388119703237601,-0.01989236807011341,1,Mild Trend Up,2,Strong Uptrend,0.01706848730531263,0.024535950501386815,0.01706848730531263,-0.00576061446554299,0.991304347826087,UP
20250704,-0.01989236807011341,-0.02177895619929815,0.001928590824272991,0.02271742928747592,-0.9586892919836163,0.019316421712043508,0.012829040256129434,0.011365739605700708,-0.008798608862281787,0.016621612058445034,-1.0772620280419254e-4,0.0016992356157483623,2,Weak Pullback / Neutral,2,Strong Uptrend,-0.04682622268470349,0.04703433922996878,-0.0016649323621228396,-0.04682622268470349,0,DOWN
20250707,0.0016992356157483623,0.004824631423256731,-0.003110389325430285,0.011639573652364659,0.4145024179881787,0.7471790137914881,0.012569236998532952,0.011055731551160512,-0.006325549527446794,0.014908459211445457,-7.937958234301989e-4,0.01813385357595121,1,Mild Trend Up,2,Strong Uptrend,0.014806629834254181,0.02983425414364641,0.022099447513812098,-0.006850828729281777,0.7407407407407407,UP
20250708,0.01813385357595121,0.014066933098137335,0.004010504972673523,0.01622210157220955,0.8671461607807784,0.9817348018657155,0.015120060257417339,0.01152555444425738,0.010033685165887762,0.02916293371144696,0.0016434227076551622,0.00603221218865202,1,Mild Trend Up,2,Strong Uptrend,0.03160173160173163,0.03506493506493506,0.03333333333333344,2.1645021645011475e-4,0.9382716049382716,UP
20250709,0.00603221218865202,0.0033683248794293963,0.0026549445932955162,0.008372737940025056,0.40229670432265896,0.8688357763047334,0.014733818068100217,0.011377890886552385,0.012274278070578237,0.03150804152105069,0.003805435626852649,0.015792628102076156,1,Mild Trend Up,2,Strong Uptrend,0.002302700439606342,0.019258949131253925,0.00720117228386008,-0.011094829390831062,0.7282608695652174,UP
20250710,0.015792628102076156,0.012432680868589507,0.0033186870564114734,0.015718105289035583,0.790978342489033,1,0.015153193625185878,0.011689219166254872,0.023831715347785165,0.04327901884046348,0.0043259393777959065,-0.0023435193131730037,3,Strong Momentum Up,4,Flat / Chop,0.021811383464894085,0.030328209389281262,0.022434565849605237,-0.007062733693394274,0.9726027397260274,UP
20250711,-0.0023435193131730037,-0.0033204380563147673,9.80173348028357e-4,0.01450875737187665,-0.22885750800071822,0.11486179617444206,0.008858417562285156,0.011397255770335324,0.013511714103540573,0.03606069882788154,0.007815037296232674,0.008268863804407722,2,Weak Pullback / Neutral,2,Strong Uptrend,-0.0038430420711974556,0.03216019417475728,0.023665048543689338,-0.006877022653721698,0.11320754716981132,DOWN
20250714,0.008268863804407722,0.008325993177479951,-5.665764193196754e-5,0.009869059615135197,0.8436460516168234,0.9990418247396178,0.008176621061820072,0.011002156711774704,0.012677655021889445,0.040294306937915136,0.00909929172827062,0.0041379999184172345,1,Mild Trend Up,2,Strong Uptrend,0.025337147527584758,0.02758479771148345,0.027380465876583493,0.0022476501838986085,0.9185185185185185,UP
20250715,0.0041379999184172345,0.006404104299998048,-0.0022516843600880465,0.01007253333586021,0.635798769431526,0.9773156612977869,0.006584311966222745,0.01097981447389416,0.010455661493566692,0.040121930798431515,0.006346100899378371,-0.008988376197731962,1,Mild Trend Up,2,Strong Uptrend,0.018655967903711046,0.025877632898696087,0.018655967903711046,-0.006619859578736231,0.9844961240310077,UP
20250716,-0.008988376197731962,-0.006578403539456046,-0.002425931414076765,0.009596327797617843,-0.6855125917112829,0.25860797144556813,0.009543113782617454,0.011346562222113533,-0.0019289059335720893,0.027214189517679843,0.003308593776673918,0.001854818467151187,2,Weak Pullback / Neutral,2,Strong Uptrend,-0.012688342585249757,0.0204203013481364,-0.001784298176050747,-0.01804123711340211,0.2815533980582524,DOWN
20250717,0.001854818467151187,-0.0028518229520958505,0.004720102315366237,0.015305708465542939,-0.18632413903061223,0.8136758609693877,0.006586041355263172,0.011346659974449445,-6.448764028675891e-4,0.025572751889156642,5.67577183232082e-4,-0.0013219258436694137,1,Mild Trend Up,4,Flat / Chop,-0.002788844621513964,0.030677290836653385,-0.0013944223107569265,-0.029880478087649376,0.8896103896103896,DOWN
20250718,-0.0013219258436694137,-0.003865053953001185,0.0025529955749707955,0.010954762231327755,-0.35281952007576284,0.524246897761932,0.006487549943529447,0.011073874880860474,-0.0027339570945884573,0.021489441556630462,7.701127821388987e-4,0.007132838910933081,2,Weak Pullback / Neutral,2,Strong Uptrend,-0.005971337579617875,0.023288216560509552,0.004777070063694211,-0.016122611464968184,0.46153846153846156,DOWN
20250721,0.007132838910933081,0.0061733849690917,9.535672043947674e-4,0.006978692254720393,0.8846048433954197,0.9851891643005142,0.006172396928379176,0.011045115186588255,0.003827978822052769,0.02554972928120458,5.492994122298089e-4,-0.012728911533745446,1,Mild Trend Up,2,Strong Uptrend,0.017265609315398445,0.020678578598674963,0.020277052800642403,0.0030114434852439587,0.8349514563106796,UP
20250722,-0.012728911533745446,-0.012516720345173038,-2.1488079134523996e-4,0.02025469987341668,-0.6179662213410834,0.2259295138967115,0.008052826826736033,0.009699902626511278,-0.006132017217945207,0.0114246713986903,-0.0028350259253139276,0.004362883329223077,2,Weak Pullback / Neutral,1,Strong Downtrend,-0.026850937808489683,0.04284304047384008,0.005330700888450224,-0.03553800592300094,0.21658986175115208,DOWN
20250723,0.004362883329223077,-0.0018434257653729968,0.006217771094034097,0.018161922955457585,-0.10149948162945356,0.7222503181867989,0.007697842020733228,0.009727188580973056,-0.0016325007833000171,0.014614992084301504,-1.6365354565817114e-4,0.002098120027403283,1,Mild Trend Up,2,Strong Uptrend,-0.0036115569823435,0.03631621187800963,0.0062199036918137995,-0.029293739967897303,0.712707182320442,DOWN
20250724,0.002098120027403283,-0.005913816744099409,0.00805959976755899,0.017112048882439862,-0.34559372666168786,0.13473985561364202,0.007714356055224522,0.009409690710165498,5.776637814562946e-4,0.014950420650900575,-1.1540305577550924e-4,0.0017552689250597275,2,Weak Pullback / Neutral,1,Strong Downtrend,-0.016289233214143772,0.03774334525228447,0.019070321811680557,-0.01728247914183556,0.031578947368421054,DOWN
20250725,0.0017552689250597275,0.0036678938725065446,-0.0019056352794820652,0.006736010696777933,0.5445201971340443,0.5445201971340443,0.00771439106647197,0.009142006000648514,0.0018324987727169617,0.014471080107586909,5.005306672503096e-4,0.004214568137962615,1,Mild Trend Up,2,Strong Uptrend,0.010560519902518273,0.01949634443541836,0.018887083671811578,0.004670999187652347,0.5625,UP
20250728,0.004214568137962615,-0.005912788244929579,0.010187593465780909,0.015000317216971948,-0.3941775470081161,0.6058224529918839,0.007181361844015372,0.00912883271414422,0.006136161383756722,0.016523195329406937,-8.087501996234536e-5,0.006558628299567104,2,Weak Pullback / Neutral,2,Strong Uptrend,-0.007698381365969231,0.03257007500986972,0,-0.027240426371891058,0.6060606060606061,DOWN
20250729,0.006558628299567104,0.012029480705657347,-0.005405823160680612,0.019823515303253627,0.6068288354327823,0.9725033276104863,0.0019478214052423256,0.009145087116829608,0.008899876918380345,0.02091190512520047,0.003801326231062774,0.007398044876917753,1,Mild Trend Up,4,Flat / Chop,0.021050521251002374,0.043504410585404975,0.024057738572574205,-0.017040898155573414,0.9170506912442397,UP
20250730,0.007398044876917753,0.0065443498229111885,8.481444997001653e-4,0.013026858632046572,0.5023735965639364,0.6455371167902251,0.002548306630497514,0.009058364719569724,0.011895347335616036,0.025557386270255167,0.004415887631353144,-0.0027746543609754593,1,Mild Trend Up,4,Flat / Chop,0.01707891637220249,0.03160581075775422,0.030035335689045928,0.0019630938358854433,0.5900621118012422,UP
20250731,-0.0027746543609754593,-0.009261942993509686,0.006547935235409863,0.01856047972829706,-0.49901420270883445,0.2957231254793464,0.0041064492438381865,0.008787442967462596,0.005648820989480274,0.020634604291302594,0.003419550081525058,-0.038832956878649294,2,Weak Pullback / Neutral,1,Strong Downtrend,-0.019783146281148967,0.03576184135438463,0.005326231691078487,-0.026250713334601494,0.21808510638297873,DOWN
20250801,-0.038832956878649294,-0.028318097359201766,-0.010821298092380527,0.028782222493969528,-0.9838745901271169,0.01612540987288326,0.01950226792882219,0.011787402629334956,-0.028790618963768,-0.02000328066539625,-0.0047496219016942565,0.009085079771212534,4,Oversold Rebound,1,Strong Downtrend,-0.05554445554445553,0.06013986013986014,-0.001598401598401633,-0.05554445554445553,0,DOWN
20250804,0.009085079771212534,0.010750506622347888,-0.00164771310053613,0.01663955534824652,0.6460813643965985,0.8128147746813974,0.020168319064567557,0.011921358878626281,-0.016183005388078042,-0.012469347770933115,-0.0038463442847095353,0.015963783654991737,1,Mild Trend Up,4,Flat / Chop,0.02931180968564151,0.03887000849617672,0.03398470688190325,-0.001699235344095107,0.8688524590163934,UP
20250805,0.015963783654991737,0.003404326118539691,0.012516846110316893,0.011948003480161654,0.2849284505308509,0.6242114171410986,0.021742962551923043,0.011770842522250137,0.0015615450515245044,0.001990037896641539,-0.002035929585743834,4.37437705207433e-5,1,Mild Trend Up,2,Strong Uptrend,0.005252525252525286,0.026262626262626262,0.01595959595959595,-0.009696969696969648,0.5846153846153846,UP
20250806,4.37437705207433e-5,0.005053277967192571,-0.004984346906269588,0.007397658902854888,0.683091506860681,0.9146122652174364,0.021204546396967873,0.011722426809804226,0.0051518673449291175,0.001023954172849617,-0.003528332712929849,0.009236631309047283,1,Mild Trend Up,2,Strong Uptrend,0.01264531919233125,0.01754028146033041,0.01366510299816448,-0.0018356108504996582,0.9418604651162791,UP
20250807,0.009236631309047283,0.004003307446569515,0.005212456795373743,0.008523023707265463,0.4697050699456473,1,0.021946754763472468,0.011376016096738153,0.015569834332453292,0.00956774158564122,-0.0011163681126901137,-0.0054744963098055655,1,Mild Trend Up,2,Strong Uptrend,0.00377959021285057,0.018102247861547644,0.004376367614879584,-0.012930177043962598,0.9560439560439561,UP
20250808,-0.0054744963098055655,-0.0032820386709740967,-0.0021996770640192453,0.008995264828189312,-0.36486292884772586,0.4038647912962136,0.008457972790455503,0.011442265387516873,0.004284320796505314,0.0035035039905464416,0.005701353796904618,-0.001009339604710946,2,Weak Pullback / Neutral,1,Strong Downtrend,-0.007512850929221049,0.018979833926453145,0.005931198102016699,-0.011862396204033177,0.2708333333333333,DOWN
20250811,-0.001009339604710946,-0.004331314519352536,0.0033364260251269595,0.007243746223583276,-0.5979384679782336,0.2944746755964839,0.008671196484069815,0.011302184775032281,-4.2079198540045937e-4,0.0024163590703685234,0.0036930028285280248,-0.005257660299674227,2,Weak Pullback / Neutral,2,Strong Uptrend,-0.005152596115735264,0.013079667063020214,0.002576298057867632,-0.00911613158937774,0.3939393939393939,DOWN
20250812,-0.005257660299674227,-0.006181194139925239,9.292778872822538e-4,0.01638440493807929,-0.3772608259674664,0.006271819059644953,0.0059736445349417525,0.011322316405537358,-0.005174498958110618,-0.002458453427344076,-5.043507078603682e-4,0.010802877205813521,2,Weak Pullback / Neutral,1,Strong Downtrend,-0.007950705625124233,0.03359173126614987,0.023653349234744603,-0.008944543828264706,0.04142011834319527,DOWN
20250813,0.010802877205813521,-3.1927363658124097e-4,0.011125702986046537,0.010603396895885155,-0.03011050512549613,0.9415208018046315,0.007856175601799307,0.011390801897195572,0.00392998427905944,0.0077192689885625665,0.0016360647829209984,4.000145377232034e-4,1,Mild Trend Up,2,Strong Uptrend,0.0021623746805583544,0.02182032632199725,0.0021623746805583544,-0.017102417928051894,0.9459459459459459,UP
20250814,4.000145377232034e-4,-2.6657433292476274e-4,6.6676661351317e-4,0.008901221913787304,-0.029948060559177807,0.5163596487499681,0.006622613092835728,0.011387383803707874,0.004457921043298674,0.007596951976252209,-1.2578941638508034e-4,-0.01499844500992753,2,Weak Pullback / Neutral,2,Strong Uptrend,-0.005858230814294041,0.019332161687170474,0.004881859011911738,-0.01366920523335291,0.41414141414141414,DOWN
20250818,-0.01499844500992753,-0.007915324106500643,-0.007139633415915503,0.009208054415728285,-0.859608745684695,0,0.00935716681575632,0.011906583339850507,-0.008586490869867736,-0.007348150020555111,-0.0020383976633129297,-0.008094965022273137,2,Weak Pullback / Neutral,2,Strong Uptrend,-0.019677996422182487,0.01967799642218247,-0.003379049890677832,-0.019677996422182487,0,DOWN
20250819,-0.008094965022273137,-0.010511635664901875,0.0024423436694505085,0.013500615211310445,-0.7786041969476745,0.21116460755813954,0.009697615235577035,0.011906527395880022,-0.013212013437535863,-0.014471476232257752,-0.0034454565293130512,-0.006812489784092879,2,Weak Pullback / Neutral,2,Strong Uptrend,-0.020568663036902635,0.02702157693083283,-8.06614236741332e-4,-0.024601734220608962,0.16417910447761194,DOWN
20250820,-0.006812489784092879,0.002745479223503988,-0.009531799649696082,0.01715832615476641,0.1600085695271262,0.948842658012052,0.009795324061080997,0.011667282206326101,-0.016249318767073362,-0.02057512405233264,-0.0037460484839169084,0.00372190640417025,1,Mild Trend Up,2,Strong Uptrend,0.007974816369359816,0.032948583420776494,0.009024134312696663,-0.023084994753410304,0.9617834394904459,UP
20250821,0.00372190640417025,3.279606552932801e-4,0.003392833033132314,0.010086869540531708,0.03251362119589091,0.21716848667935668,0.007381424558963987,0.011653900929654544,-0.007432558677372247,-0.01628293052379659,-0.0051939363659196935,0.008590777823202833,2,Weak Pullback / Neutral,2,Strong Uptrend,-4.14507772020678e-4,0.02010362694300518,0.015958549222797824,-0.0026943005181346846,0.17525773195876287,DOWN
20250822,0.008590777823202833,0.0010488589002877191,0.007534016802337007,0.007108084142254545,0.14755859375,0.41244574652777777,0.009521575925541498,0.011822196305734459,0.0047084705296116525,-0.007494544806335157,-0.0035971656953694975,0.012980003725985068,1,Mild Trend Up,2,Strong Uptrend,0.004091653027823217,0.015548281505728314,0.013093289689034338,-0.0016366612111292644,0.39473684210526316,UP
20250825,0.012980003725985068,0.004607064272191375,0.008334541684573704,0.009307883608932727,0.4949636744243319,1,0.009307287600079064,0.012184496764622615,0.015651222757185446,0.005170782947896413,0.002066031543518365,-0.009501971730630165,1,Mild Trend Up,4,Flat / Chop,0.007218768798877173,0.016442751152997793,0.007820332865450252,-0.007619811509925856,0.9512195121951219,UP
20250826,-0.009501971730630165,-0.006425102801034477,-0.003096765969299198,0.007690774732521993,-0.8354298525822901,0.16457014741770998,0.00970451340159576,0.012336871805198395,0.004233808840943709,-0.0039099375313254026,0.0017592762699976117,0.0024532624251314417,2,Weak Pullback / Neutral,2,Strong Uptrend,-0.012607564538723248,0.017410446267760657,-0.002401440864518656,-0.016409845907544574,0.27586206896551724,DOWN
20250827,0.0024532624251314417,4.0484855767242145e-4,0.002047584905663369,0.0073888884972125755,0.054791537025513384,0.9086600290396183,0.008453874252837716,0.012248857461767498,0.003081130783618713,-7.867845003243223e-4,0.003605218975434088,0.002874081157709263,1,Mild Trend Up,2,Strong Uptrend,0.0016194331983805377,0.015991902834008098,0.0018218623481780494,-0.012955465587044523,0.9620253164556962,UP
20250828,0.002874081157709263,0.006610333325337114,-0.003711716484456451,0.014883495133687504,0.4441385081905391,0.6821833172329357,0.008460541287331718,0.012134544644976254,0.0025198596093751746,0.0029993042621698773,0.003435550646572194,-0.003225602684728046,1,Mild Trend Up,4,Flat / Chop,0.01813365933170341,0.03638956805215974,0.02709861450692741,-0.008761206193969029,0.748040313549832,UP
20250829,-0.003225602684728046,-0.00710235562070094,0.003904483969640715,0.008791436209246651,-0.8078720531727075,0.05423720012462353,0.008325030662032603,0.012138765973363976,-0.001795894272262677,6.971271614433228e-4,0.001083969826190856,-0.013521639289566845,2,Weak Pullback / Neutral,2,Strong Uptrend,-0.015503875968992276,0.019479228781554364,0.001391373484396663,-0.01610017889087656,0.04081632653061224,DOWN
20250901,-0.013521639289566845,-0.0068413963148004076,-0.006726259985040506,0.0133919451447757,-0.5108590455561444,0.18664308592759868,0.0072501830610193115,0.0088425305583373,-0.011146037181939628,-0.013198434650433133,-0.004193958967934286,0.009360745118573988,2,Weak Pullback / Neutral,1,Strong Downtrend,-0.015011309891013735,0.028994447871684145,0.008636644046884578,-0.0195352662965248,0.1702127659574468,DOWN
20250902,0.009360745118573988,0.00526664742876104,0.004072648486135089,0.00704432274191215,0.7476442550574384,0.9185867726843412,0.008577493916045757,0.00885696302061271,-0.0014491573514564537,-0.004345749263931942,-4.4110916163586644e-4,0.0038046948940684278,1,Mild Trend Up,2,Strong Uptrend,0.01809860619929271,0.0203869357187435,0.020178905762429755,0.004992718951529085,0.8877551020408163,UP
20250903,0.0038046948940684278,0.002098944811580461,0.0017021773062624312,0.006372433325466132,0.32937885802469136,0.8488859953703703,0.008710606507622938,0.008121072040515901,0.002522950781745914,-3.4455406574596115e-4,-1.7249165275956546e-4,0.00515326390758708,1,Mild Trend Up,2,Strong Uptrend,0.00980792807519415,0.016142214957090315,0.011442582754393138,-0.0022476501838986085,0.8354430379746836,UP
20250904,0.00515326390758708,0.0037599847919329576,0.0013880600310471891,0.00630954097193666,0.5959204970149978,0.7624253749453963,0.008963826255295158,0.008208426140633876,0.0074031445030393606,0.0047645078299127785,2.839693513552177e-4,0.001340289536710726,1,Mild Trend Up,1,Strong Downtrend,0.007894736842105177,0.015991902834008098,0.014979757085020307,-4.048582995951344e-4,0.5316455696202531,UP
20250905,0.001340289536710726,-0.0011561724513838856,0.0024993516696414364,0.005749743901258795,-0.20108242579825591,0.48402164851596513,0.008742898020641035,0.007929692044071974,0.007541372930275125,0.006467557976770344,0.0012029118596552646,0.004514642251792544,2,Weak Pullback / Neutral,2,Strong Uptrend,1.9944156362194931e-4,0.013562026326286399,0.00518548065416824,-0.005983246908655815,0.5147058823529411,UP
20250908,0.004514642251792544,0.0030469183902923636,0.0014632654112087806,0.004610803884758197,0.6608215110524579,0.8952820851204223,0.0029137956063045797,0.007902533798983483,0.0072355081667363486,0.010859349347532632,0.004819680776578794,0.012566805038217721,1,Mild Trend Up,2,Strong Uptrend,0.004769475357710551,0.010532591414944356,0.004968203497615287,-0.004769475357710662,0.9433962264150944,UP
20250909,0.012566805038217721,0.008894222378301508,0.0036402058594990905,0.011781620354916639,0.7549235258280693,1,0.004219160022153201,0.008364675998702515,0.014327308234194147,0.02270720855264008,0.005487313755688561,0.016711393890512127,1,Mild Trend Up,4,Flat / Chop,0.020456333595594067,0.028127458693941777,0.021833202202989677,-0.0049173878835562235,0.9370629370629371,UP
20250910,0.016711393890512127,0.012936274908823986,0.0037269066921588045,0.013966124275354399,0.9262609048705306,0.9291029825789184,0.006350808134879339,0.008941934881209881,0.022995494900490243,0.03776951966515951,0.008096454536502096,0.008951471735887173,1,Mild Trend Up,4,Flat / Chop,0.035413476263399746,0.03828483920367534,0.03771056661562011,0.0017228177641654963,0.935,UP
20250911,0.008951471735887173,0.0022777238186151294,0.006658581507574146,0.009842307375423236,0.23142173189009163,0.9847745926014035,0.0061402780247469665,0.008854685725177521,0.023098464041075184,0.04509856468967599,0.008849926410986253,0.015351979140073357,1,Mild Trend Up,2,Strong Uptrend,0.003107292999451561,0.022299396819594225,0.007494059586912849,-0.013708645585816082,0.7622950819672131,UP
20250912,0.015351979140073357,0.006190312276316945,0.009105302199769794,0.009683947249736409,0.6392344068670298,1,0.004958667888336874,0.009342392281348842,0.026841203010574244,0.058333582765053515,0.011651117303848268,0.003466317403372443,1,Mild Trend Up,4,Flat / Chop,0.016725978647686768,0.025266903914590747,0.017615658362989395,-0.006405693950177982,0.9507042253521126,UP
20250915,0.003466317403372443,-1.3791110314764765e-4,0.0036047256382094606,0.008480565674807625,-0.016262016996975687,0.5529423691013229,0.005341550060949893,0.008372627215098112,0.018833102013661618,0.05820860758210644,0.011353634374997812,0.012417437176589718,1,Mild Trend Up,2,Strong Uptrend,-0.003454231433506094,0.021243523316062177,0.007253886010362587,-0.012262521588946473,0.4715447154471545,DOWN
20250916,0.012417437176589718,0.008327726613985842,0.004055933854300697,0.01005512901353805,0.8282068387957587,0.9162822387191097,0.005333872335783193,0.008125824179155604,0.01992173155861421,0.06641303158462897,0.01133681745859283,-0.010499769137849446,1,Mild Trend Up,4,Flat / Chop,0.02795031055900621,0.03433402346445825,0.031573498964803326,0,0.8944723618090452,UP
20250917,-0.010499769137849446,-0.00594967581867234,-0.0045773269305299236,0.00788626038822129,-0.7544356292823656,0.24556437071763434,0.01019799721822028,0.008433435036944024,0.0033468082806589194,0.05061518212033356,0.00584641373202377,0.014032972360339402,2,Weak Pullback / Neutral,2,Strong Uptrend,-0.014246947082767969,0.019504748982360924,-0.004240162822252369,-0.01933514246947088,0.26956521739130435,DOWN
20250918,0.014032972360339402,0.00831108088644128,0.005674728347592639,0.011224180203641004,0.7404621750232862,1,0.010808388361409916,0.008702260130263399,0.010470502504893231,0.06014475838658484,0.006884163156627432,-0.004639892054197237,1,Mild Trend Up,4,Flat / Chop,0.021746517159361156,0.0309208290859667,0.023105674481821215,-0.006116207951070374,0.945054945054945,UP
20250919,-0.004639892054197237,-0.004619742208580302,-2.0243364743488534e-5,0.009615017015350988,-0.480471558313893,0.3194095984271608,0.010621132607196531,0.008906697184704507,0.002871875588965178,0.05077624154446858,0.002901819196640565,0.0067948567228208745,2,Weak Pullback / Neutral,2,Strong Uptrend,-0.01142573273720815,0.02102997184964398,0.0033118065904951255,-0.01606226196390126,0.23622047244094488,DOWN
20250922,0.0067948567228208745,0.0013885786673408784,0.00539878142276673,0.006749700395879895,0.2057244893697005,0.4182991520822021,0.010764505335052276,0.008691656850836702,0.006093414050488688,0.05375750170738969,0.003571072222792404,0.005056733759912779,1,Mild Trend Up,2,Strong Uptrend,0.008113926146713135,0.019042887895346913,0.018711707236297448,0.0013247226361980946,0.4260869565217391,UP
20250923,0.005056733759912779,-9.371133550337696e-4,0.0059994692977485276,0.00764012552309452,-0.122656800886455,0.688669310158518,0.009712725098975155,0.008097726612189968,0.009040342268744395,0.054172926958564016,0.0021214397725528578,-0.004030201757296514,1,Mild Trend Up,2,Strong Uptrend,0.0019442644199612058,0.01911860012961763,0.005832793259883395,-0.011341542449773145,0.7288135593220338,UP
20250924,-0.004030201757296514,-0.005695866459302756,0.0016752064542613354,0.015904799957772144,-0.35812248342798875,0.5352891530251613,0.00786079644723792,0.008317026031772963,0.0015680420279433616,0.045420007463103707,0.0034003322163822514,-2.9658515731212365e-4,2,Weak Pullback / Neutral,2,Strong Uptrend,-0.007589213628290015,0.03197158081705151,0.004359761020507058,-0.02518973034070726,0.5656565656565656,DOWN
20250925,-2.9658515731212365e-4,0.003506850869799294,-0.0037901445553806257,0.0073258139373694854,0.4786977801757361,0.6720652844149838,0.005194592826880743,0.00837612706693985,7.046341874357154e-4,0.04080435138735128,5.659588312627584e-4,-0.0245051456051123,1,Mild Trend Up,2,Strong Uptrend,0.011019736842105221,0.019078947368421053,0.01529605263157885,-0.002467105263157854,0.75,UP
20250926,-0.0245051456051123,-0.015794676024140752,-0.008850256515362198,0.022142819278991092,-0.7133091692224861,0.26673781298772886,0.012558929902180148,0.010457349407353756,-0.02047481972704135,0.012263433035476057,-0.0034128360570221394,0.013337048022962428,4,Oversold Rebound,1,Strong Downtrend,-0.0313432835820896,0.04543946932006634,-0.002819237147595355,-0.04510779436152568,0.3102189781021898,DOWN
20250929,0.013337048022962428,0.0049144453489524675,0.008381412679449918,0.007553248881609924,0.6506399333560529,0.6932863796433034,0.014128774347163251,0.009921094516251174,-0.005256086482690603,0.021362902768113257,-0.0021661443172146244,-0.001926394291372313,1,Mild Trend Up,2,Strong Uptrend,0.015843586718355063,0.02157424574414293,0.01938311141075344,5.056463846282444e-4,0.8203125,UP
20250930,-0.001926394291372313,-0.003317782987121598,0.001396020388443775,0.006254362699177823,-0.5304749894913829,0.12611476545902775,0.013580503526173937,0.009947710658905226,-0.003614153110011231,0.015582509864193739,-0.0035711089034059507,0.009119307241193919,2,Weak Pullback / Neutral,2,Strong Uptrend,-0.006308100929614868,0.014774236387782205,0.0051460823373175035,-0.007968127490039834,0.19101123595505617,DOWN
20251001,0.009119307241193919,0.0034174838217124748,0.005682403896098087,0.005609678121369234,0.6092121058949895,0.7976243128830479,0.014677279464772118,0.01001633769279202,0.006427362178675011,0.020736065671256076,-9.490666251874558e-4,0.027020970563218283,1,Mild Trend Up,2,Strong Uptrend,0.012417218543046449,0.016225165562913906,0.01490066225165565,0.0021523178807947296,0.7755102040816326,UP
20251002,0.027020970563218283,0.006730992829406146,0.020154319156090894,0.015260347279286412,0.4410773035645406,0.6886619926031811,0.01929483720431136,0.011249703739735687,0.028941412889485152,0.042951375180844575,0.004548940647158162,0.017296845606320277,3,Strong Momentum Up,4,Flat / Chop,0.010742643624474635,0.03721002646738284,0.028802740152576778,-0.007473143390938852,0.5062761506276151,UP
20251010,0.017296845606320277,0.0034712640418124163,0.01377775533782688,0.013457110697015082,0.25795017370127415,0.8500622702680899,0.010642091988174276,0.011521182329622168,0.0332857482617428,0.05470761151831871,0.013019733802650757,-0.0072148806634760865,3,Strong Momentum Up,2,Strong Uptrend,0.009930339410108235,0.03334815473543797,0.018526752630798837,-0.012301763746850436,0.7288888888888889,UP
20251013,-0.0072148806634760865,0.009709631880002734,-0.016761762004752434,0.017467214372915225,0.5558775241837373,1,0.01392674174506716,0.011895226410614303,0.016905730856920487,0.041546061087414765,0.008776609049417239,-0.006343889728031349,1,Mild Trend Up,1,Strong Downtrend,0.015665399239543687,0.03878326996197719,0.015665399239543687,-0.01916349809885931,1,UP
20251014,-0.006343889728031349,-0.011739358627915752,0.005459560640190597,0.03086745069052102,-0.38031513342696627,0.23631495786516854,0.014888907906818735,0.012050375251455147,0.0026489161232641223,0.030421189472985555,0.0077850549557043625,0.026803779295524244,2,Weak Pullback / Neutral,1,Strong Downtrend,-0.031527531083481386,0.07371225577264653,0.026494967436352823,-0.04632918886915338,0.20481927710843373,DOWN
20251015,0.026803779295524244,0.02140403364147514,0.005286591276517871,0.02313828142488007,0.925048548266849,0.968257242458443,0.017156339764138502,0.012777787972382196,0.017978169430733715,0.05282066739125635,0.011341625290109514,0.02490651171388092,3,Strong Momentum Up,4,Flat / Chop,0.04755414205664099,0.04906860517946388,0.04815992730577001,0.0024231409965167483,0.9845679012345679,UP
20251016,0.02490651171388092,0.019737105592468884,0.0050693517898503515,0.019737105592468836,1,1,0.016698450187729738,0.01351370549735199,0.031891904476449184,0.07280181856648849,0.011086965704504292,1.3866704044018796e-4,3,Strong Momentum Up,4,Flat / Chop,0.04543493889288275,0.04543493889288282,0.04543493889288275,0.0053199137311286115,1,UP
20251017,1.3866704044018796e-4,0.004321167921404356,-0.0041645053540197985,0.019503008132766623,0.22156417574088916,0.36840393173457103,0.016866148675026865,0.013375641232436175,0.024236475411372416,0.06755247757263905,0.007613982365149319,0.01755187554544957,1,Mild Trend Up,1,Strong Downtrend,0.015555555555555545,0.04652777777777778,0.043194444444444535,-0.0015277777777777946,0.3850746268656716,UP
20251020,0.01755187554544957,0.010406854923662223,0.007071429283134867,0.022861169896245728,0.45521970095551667,1,0.01493212792013828,0.013655938515903705,0.02927033058184425,0.0800254721991025,0.01257533185450077,0.00239866060542826,3,Strong Momentum Up,4,Flat / Chop,0.020021499596882597,0.05106154259607632,0.020021499596882597,-0.029024455791453962,1,UP
20251021,0.00239866060542826,-0.007055271683558573,0.00952110628052405,0.019961027624588897,-0.353452328018802,0.09952042177475703,0.012465798943429316,0.013582083256140048,0.017353756991670855,0.07691114008881494,0.014140060608823335,0.015649149120932515,2,Weak Pullback / Neutral,1,Strong Downtrend,-0.014232112821839782,0.04644844093673179,0.026523482986156033,-0.01901927804373138,0.11420612813370473,DOWN
20251022,0.015649149120932515,0.014749558155624953,8.865152569690338e-4,0.02329619922617112,0.6331315255518224,1,0.010529855457511802,0.013240451693854668,0.020974805718271705,0.08656833743788295,0.012046988678285464,-0.009815400269293506,3,Strong Momentum Up,4,Flat / Chop,0.030138797091870506,0.04877726371447456,0.030138797091870506,-0.01771315267680107,1,UP
20251023,-0.009815400269293506,0.002547068382720452,-0.012331060597440713,0.020824884052314637,0.12230888663398415,0.2908113989510618,0.011409198027714618,0.013600763365929525,0.005813797042493407,0.07015077203274989,0.005110023652391771,0.02497166286150554,1,Mild Trend Up,1,Strong Downtrend,0.009527590313616496,0.04962286621675268,0.04313881169776357,-0.005954743946010366,0.32266666666666666,UP
20251024,0.02497166286150554,0.012421590212878364,0.01239609345548276,0.016549285838359983,0.7505816464953431,0.852864277432116,0.013814942597349415,0.014058355268159333,0.020642337696009205,0.08935086626462319,0.010080223020049406,0.02568506312855945,3,Strong Momentum Up,4,Flat / Chop,0.025837810181632115,0.03568687643898695,0.029675108723458576,-0.0034535686876439042,0.8781362007168458,UP
20251027,0.02568506312855945,0.010760574590707339,0.014765602174279246,0.010760574590707277,1,1,0.015302874587804612,0.014675772262135678,0.0346334043776817,0.10853534045360758,0.01181500243661926,-0.008019176020047092,3,Strong Momentum Up,2,Strong Uptrend,0.02208011583011582,0.02545849420849421,0.02208011583011582,-0.0016891891891891442,1,UP
20251028,-0.008019176020047092,-1.4975450306042859e-5,-0.008004320438044,0.01138517740886358,-0.0013153462408366885,0.8289515193318469,0.017456790847627433,0.015089387711046147,0.016628388109086734,0.09179904115379256,0.00954931909852208,0.017639092208698415,1,Mild Trend Up,2,Strong Uptrend,-0.0014431749849669329,0.026217678893565844,0.0015634395670474088,-0.02212868310282623,0.8027522935779816,DOWN
20251029,0.017639092208698415,0.004828184159862747,0.012749351830280142,0.01705018277155395,0.28317492102888087,0.9575424469765343,0.017648129273469978,0.015023207888251552,0.02430582533814163,0.10192257635300384,0.010011623869654596,0.001406463955435422,3,Strong Momentum Up,4,Flat / Chop,0.01824602707474976,0.04449676280164803,0.018834608593290225,-0.022719246615656274,0.9841269841269841,UP
20251030,0.001406463955435422,-0.004642117373010235,0.006076790503212637,0.01849271719562858,-0.25102408282691874,0.21203498279798078,0.014998068178608671,0.014977151449268044,0.013469292395066779,0.09437472407775171,0.012114014956231989,0.005042980839611966,3,Strong Momentum Up,1,Strong Downtrend,-0.01237090001134944,0.037680172511633185,0.016910679832028208,-0.01736465781409602,0.16566265060240964,DOWN
20251031,0.005042980839611966,0.0059388967121778435,-8.906265335738572e-4,0.015269663507163411,0.3889343540145271,0.7660003524091078,0.013359365964772756,0.012880965453383715,0.010267227893144604,0.0893709846558306,0.008228486974027449,0.02784421599208775,1,Mild Trend Up,4,Flat / Chop,0.01992442459635857,0.03584106263597847,0.020840490095041853,-0.013855490667582737,0.9552715654952076,UP
20251103,0.02784421599208775,0.023890772858194964,0.003861196173158943,0.023902851524416492,0.9994946767665257,0.9994946767665258,0.014075461539914656,0.013485931146523598,0.029331775238651714,0.10808566420459575,0.008807220155595985,-0.02371695007974428,3,Strong Momentum Up,4,Flat / Chop,0.058165548098433995,0.06297539149888143,0.058165548098433995,-0.003243847874720318,1,UP
20251104,-0.02371695007974428,-0.023108425826443346,-6.229189291715453e-4,0.02579607647444672,-0.8958116498582349,0.03519003696658651,0.01947508118733268,0.015301390156948308,-5.067606829157745e-4,0.07199788346644143,0.005428676632615481,-0.028463781274122413,2,Weak Pullback / Neutral,1,Strong Downtrend,-0.05427753630870347,0.05957807696385031,0.0024382487013674403,-0.05427753630870347,0,DOWN
20251105,-0.028463781274122413,-0.012587948917613168,-0.016078224221697912,0.046273283605855205,-0.272034918136225,0.7279650818637751,0.02297499329507511,0.01749112945361347,-0.02532907770533388,0.034107481847547305,-0.003721296945976782,0.005501428353338111,4,Oversold Rebound,4,Flat / Chop,-0.02249797054389424,0.1006610228458773,-0.007769917662066583,-0.09741389307665549,0.7603686635944701,DOWN
20251106,0.005501428353338111,-0.01612966538358107,0.021985715978876774,0.030952024719621808,-0.5211182638192892,0.3249383239534346,0.023268185688195348,0.016880862056479807,-0.01707503204840488,0.03342839996179303,-0.002942201596394245,-0.01805310938612159,2,Weak Pullback / Neutral,4,Flat / Chop,-0.036384180790960396,0.06497175141242938,0.002372881355932277,-0.05977401129943505,0.3652173913043478,DOWN
20251107,-0.01805310938612159,-0.002512781178064194,-0.015579476022170025,0.03791641189925938,-0.06627159723711314,0.4420781431736811,0.023622095564881734,0.017525171685444565,-0.02752034505184875,0.010322575654250654,-0.007506109690002205,0.03021933050403658,4,Oversold Rebound,3,Mild Up Drift,-8.516851198442366e-4,0.07786835381433264,0.041245893661029376,-0.03479742061077995,0.44375,DOWN
20251110,0.03021933050403658,0.02038389793709139,0.00963895313012042,0.027222810032597994,0.7487800823163608,0.8189938712054494,0.024514477405429967,0.018173194706030068,0.009246454354505884,0.03439522848177923,-0.007311509763732182,0.00813852033365392,3,Strong Momentum Up,4,Flat / Chop,0.040076335877862634,0.058086832061068704,0.051288167938931206,-0.00429389312977102,0.7987679671457906,UP
20251111,0.00813852033365392,-0.004342474799818086,0.012535429922013286,0.02930918908346895,-0.14816086475307197,0.32933568156663784,0.023153823585125733,0.01791840744486788,0.018234771504139102,0.03565236850136877,-7.606736490217703e-4,0.010715007228991213,3,Strong Momentum Up,1,Strong Downtrend,-0.008258928571428625,0.06294642857142857,0.03571428571428581,-0.026562500000000044,0.29432624113475175,DOWN
20251112,0.010715007228991213,0.012922750807746297,-0.002179577442598224,0.016049047870377333,0.8052035804316269,0.9356754890422605,0.017202296556686442,0.017348387574234667,0.021748668237603352,0.04028067289877879,0.007239056368696595,0.00487658880901054,3,Strong Momentum Up,4,Flat / Chop,0.026598754951895787,0.03837011884550085,0.030447085455574507,-0.005432937181663822,0.8820058997050148,UP
20251114,-0.038138079600067876,-0.012393146288135704,-0.02606799782238378,0.020030012772888947,-0.6187288260200269,0.0020915166046013367,0.025112492888098404,0.0194162082864595,-0.022151179554813383,-0.0030716112551598673,0.002826288225969087,0.019363972289381914,4,Oversold Rebound,1,Strong Downtrend,-0.028980446927374337,0.044110800744878956,0.014082867783985042,-0.028980446927374337,0,DOWN
20251117,0.019363972289381914,0.0026185480356160085,0.016701690076025733,0.010905778182852769,0.24010648224381143,0.9858389593281739,0.022524387587642535,0.019488971502296247,-0.003993535911882784,0.012777699281282695,7.805108173535302e-4,-0.03316742258666017,3,Strong Momentum Up,2,Strong Uptrend,0.0069476609541454515,0.02477999073645206,0.009958314034275162,-0.01308476146364057,0.8738317757009346,UP
20251118,-0.03316742258666017,-0.022462734097103643,-0.010950670488934389,0.02945995475472302,-0.7624836590593355,0.0030223056401345798,0.026475854185752525,0.0211612397407462,-0.0298083877874451,-0.022384671926108046,-0.007441947886384637,-0.006098235719982692,4,Oversold Rebound,1,Strong Downtrend,-0.04246785419370058,0.06287601745900673,0.016161377845935965,-0.04376548307184147,0.03189493433395872,DOWN
20251119,-0.006098235719982692,-0.009360537840093053,0.003293127565297427,0.028157318141036725,-0.33243712320921914,0.6675628767907809,0.024623461287384518,0.020974610760636912,-0.02515706243104443,-0.028896649458850288,-0.010840497575513641,0.019172896290730934,4,Oversold Rebound,1,Strong Downtrend,-0.01827099938687926,0.05787860208461067,-6.131207847945852e-4,-0.056407112201103615,0.6694915254237288,DOWN
20251120,0.019172896290730934,-0.006479798469527842,0.025820003177330353,0.014403495688563153,-0.44987679446962753,0.060972020150201416,0.02753278129915587,0.02120303948677089,0.0017735029012706516,-0.012222003918531232,-0.00822541499319962,-0.03785162595207736,2,Weak Pullback / Neutral,4,Flat / Chop,-0.011938534278959856,0.033569739952718676,0.017021276595744705,-0.013593380614657202,0.13028169014084506,DOWN
20251121,-0.03785162595207736,-0.014183729142378532,-0.024008425818645485,0.018699334511136298,-0.758515183197106,0.20249050528263693,0.027453987266728635,0.022285040179976075,-0.02845064236328776,-0.04857460945447789,-0.007919937978940972,-0.0018685349946869767,4,Oversold Rebound,1,Strong Downtrend,0.0051268568423821215,0.028000525831471012,0.02155909031155523,-0.005389772577888752,0.38967136150234744,UP
20251124,-0.0018685349946869767,-0.017649305537151383,0.016064294178662175,0.020167748625868682,-0.8751252241667182,0.09954548265413395,0.023588059541260642,0.021389025105890337,-0.018226095207625526,-0.048039815073152914,-0.012263435675669454,0.0030472666896965706,4,Oversold Rebound,1,Strong Downtrend,-0.027470431133155282,0.04400356098181356,0.011954724659799076,-0.030904235024799664,0.09248554913294797,DOWN
20251125,0.0030472666896965706,-0.02145417359661539,0.025038623256272263,0.028728986363372046,-0.746777951900464,0.21569777091825407,0.020850275471616966,0.021375683347164224,-0.01039224647422654,-0.04333187422699081,-0.00489297077479478,0.026722645435389047,4,Oversold Rebound,1,Strong Downtrend,-0.041367351994054946,0.05957394104533069,0.0023532325984643165,-0.05325736933366365,0.21205821205821207,DOWN
20251126,0.026722645435389047,0.017726712142293488,0.00883924258424873,0.024206863499097304,0.7323010741542169,1,0.025051003625071795,0.021898752558319617,0.014420573919703639,-0.01630010691369921,0.0016089152424663133,0.0065742612485271135,3,Strong Momentum Up,4,Flat / Chop,0.03562373225152138,0.05007606490872211,0.03562373225152138,-0.013564908722109581,1,UP
20251127,0.0065742612485271135,-6.36689040741989e-4,0.007215544347278113,0.013783852638186888,-0.0461909349624177,0.3360608065210732,0.023455085142304804,0.021962332848268023,0.022028816931820128,-0.008602162744671182,-9.189341119627548e-4,-0.015129467569744093,3,Strong Momentum Up,1,Strong Downtrend,-0.003969208563868176,0.03331729612701467,0.019364926629781065,-0.012629299975944197,0.2815884476534296,DOWN
20251128,-0.015129467569744093,-0.017197697318791727,0.0021044209434646355,0.01837412843912241,-0.9359735007715638,0.06402649922843612,0.015199867361939711,0.022132418981553055,0.0027959774566523876,-0.02140033754672943,0.003759575944466631,-0.0015840641788168464,2,Weak Pullback / Neutral,1,Strong Downtrend,-0.03756430194999405,0.04294772101926068,-0.00753678669697333,-0.0417514056705347,0.10306406685236769,DOWN
20251201,-0.0015840641788168464,-0.01198355955354835,0.010525629887324861,0.02147976323788194,-0.5578999833859445,0.33192591277047967,0.015173530855175438,0.02099162061270983,-0.0025782788698118786,-0.019265836270891068,0.0037955491240191375,0.01901856514165412,2,Weak Pullback / Neutral,2,Strong Uptrend,-0.02113880742912999,0.047898338220918865,0.006842619745845546,-0.03885630498533721,0.38010204081632654,DOWN
20251202,0.01901856514165412,0.014175822970299734,0.004775051881212411,0.015178642206306443,0.9339322172315231,1,0.01656001910395865,0.020999054104050133,0.009347275150909828,9.740318012685378e-4,0.0069787437185486745,0.010355655266902408,3,Strong Momentum Up,4,Flat / Chop,0.027770920760306073,0.03529992594421131,0.03233769439644529,-0.0018513947173537382,0.8706293706293706,UP
20251203,0.010355655266902408,0.00649335429600284,0.003837383480391754,0.01622589762282719,0.4001845966825125,0.7459656995351315,0.01293811921888208,0.020137393721697594,0.015927437814506895,0.01093601002590261,0.0038115810424248497,-0.0019299950371037822,3,Strong Momentum Up,4,Flat / Chop,0.015131657333492088,0.03586321934945788,0.024425116168235395,-0.010484927916120546,0.7242524916943521,UP
20251204,-0.0019299950371037822,0.002388731737261285,-0.004308435078754558,0.011443399140598446,0.208743198407432,0.999564698075647,0.013048474892093565,0.020110558142463368,0.011847762371543613,0.008958879197058733,0.0020941297779395462,0.017758375863148768,1,Mild Trend Up,2,Strong Uptrend,0.005941064638783189,0.02530893536121673,0.005941064638783189,-0.018892585551330776,1,UP
20251205,0.017758375863148768,0.019025675329315206,-0.0012436384056339067,0.024048655554865166,0.7911325972426878,1,0.01012452609433663,0.019991943218276933,0.02092060587001554,0.024998606433617843,0.008713634861377884,0.013365762753929866,3,Strong Momentum Up,4,Flat / Chop,0.0438086192567968,0.052594087617238515,0.0438086192567968,-0.007360797815505138,1,UP
20251208,0.013365762753929866,0.011096939260509808,0.0022439228182011828,0.017908398829622193,0.6196499958530315,1,0.008375905505228879,0.01907444645923802,0.022624599704129666,0.03763998504463317,0.011677196869699591,-0.002719783554916866,3,Strong Momentum Up,4,Flat / Chop,0.014953901506633782,0.037890712840116934,0.015066336856307538,-0.022262199235439595,0.9970326409495549,UP
20251209,-0.002719783554916866,0.0033366955280995647,-0.006036337662133184,0.007499258965337077,0.4449366988821795,0.7213331861825406,0.00923411096757237,0.0190200279076088,0.012436398732522669,0.03433787931725463,0.0073158999535685165,-0.002063400970305218,1,Mild Trend Up,2,Strong Uptrend,-0.0034613666815542787,0.02009825815096025,0.007481018311746412,-0.011165698972755655,0.3888888888888889,DOWN
20251210,-0.002063400970305218,-0.005782523849652943,0.003740753877862213,0.011791164175824228,-0.490411613596989,0.23246111874464823,0.009876794392536204,0.01887730734872683,0.005497544239948304,0.032401938522236495,0.004823276071472815,-0.00589598133313185,2,Weak Pullback / Neutral,4,Flat / Chop,-0.007010125737175965,0.025147435184154892,0.012128630243685379,-0.01123845554690106,0.18584070796460178,DOWN
20251211,-0.00589598133313185,-0.012658097205188734,0.006848808759069014,0.016229794267950463,-0.7799296156319779,0.10981117622829394,0.010686692508684535,0.01888408352953154,-0.004406555444533944,0.027084349913011785,0.003993301638209212,0.01375462520267745,2,Weak Pullback / Neutral,1,Strong Downtrend,-0.03289909472289687,0.038750275999116804,0.005188783395893237,-0.03289909472289687,0,DOWN
20251212,0.01375462520267745,0.010507241400378176,0.0032136175469648087,0.01150385454965684,0.9133670245067262,0.978714863571333,0.009489309954814173,0.016910022265865476,0.0060170692549175175,0.039191533782138244,0.0032508295183040214,-0.018374640159806055,1,Mild Trend Up,1,Strong Downtrend,0.0204936594202898,0.028872282608695652,0.02264492753623193,-0.0040760869565217295,0.9098039215686274,UP
20251215,-0.018374640159806055,0.009090394979703431,-0.02721761625732455,0.017401224358847344,0.5223997341935126,0.5378531972920965,0.011471939360609579,0.016980719513102812,-0.009394608251635073,0.020079718456520235,-0.0031026725285683288,-0.022358682515971173,1,Mild Trend Up,2,Strong Uptrend,0.004085921083352817,0.026967079150128415,0.02019612421200101,-0.004436142890497319,0.38095238095238093,UP
20251216,-0.022358682515971173,-0.023010706217417076,6.673806003762994e-4,0.02510914940434763,-0.9164271495964237,0.02821471497864537,0.014331906145634007,0.016008561255953298,-0.024721415634318844,-0.0032934949049741036,-0.006994744044814594,0.014323123023099127,4,Oversold Rebound,2,Strong Uptrend,-0.04074722708698186,0.050087565674255694,0.00712200817279629,-0.04156450671336831,0.023310023310023312,DOWN
20251217,0.014323123023099127,0.009200304793882896,0.00507611641106509,0.01631825632145125,0.5638044048731282,0.9416058394160584,0.017304697367615376,0.0162025690409142,-0.0069458098188760475,0.009386243405047345,-0.0038331953154389087,-0.015259774945072357,1,Mild Trend Up,4,Flat / Chop,0.02941885700506397,0.04159633469978297,0.030021702435495623,-0.010007234145165134,0.9797101449275363,UP
20251218,-0.015259774945072357,0.0012306777594726093,-0.016470183216366174,0.013823416130390771,0.08902848238554366,0.3446970703073123,0.018089271941248576,0.016078891955602737,-0.016508435142847833,-0.005888871108070015,-0.005685008724264362,0.006518957018217142,4,Oversold Rebound,1,Strong Downtrend,0.008591481122942835,0.03134075508228461,0.023475314617618537,-0.006897386253630233,0.5019305019305019,UP
20251219,0.006518957018217142,-0.008686363711608247,0.01533855701486786,0.014480563552390599,-0.5998636503462782,0.40013634965372175,0.016362523205418786,0.013424078097814448,-0.0028986234163492774,-0.0014868764084871033,-0.007219398805846322,0.02123593187902517,2,Weak Pullback / Neutral,2,Strong Uptrend,-0.020702488950918863,0.03349616189811584,-3.4891835310535413e-4,-0.029076529425447806,0.2569444444444444,DOWN
20251222,0.02123593187902517,0.0023607902597881925,0.018830686318391132,0.005566124775602744,0.4241353463968305,1,0.018890522402384462,0.014034629215846823,0.017501564892309807,0.016437469135134775,7.608721476861646e-4,0.0027739508344981623,3,Strong Momentum Up,2,Strong Uptrend,0.006848533272457491,0.013697066544914965,0.008104097705741387,-0.004679831069512641,0.8916666666666667,UP
20251223,0.0027739508344981623,-0.0024422344244559024,0.00522895559431058,0.007411407780629523,-0.32952368790703607,0.23111671561741795,0.013820541552735516,0.014035090984293813,0.014382024034427454,0.01599313925449719,0.005857793249613996,-0.002112953912415727,2,Weak Pullback / Neutral,2,Strong Uptrend,-0.002024291497975672,0.017656320287899235,0.012820512820512775,-0.004048582995951455,0.12101910828025478,DOWN
20251224,-0.002112953912415727,-0.006677590183944759,0.004595321948262843,0.007393206485169436,-0.9032062336335186,0.06540205658810755,0.013265227679456728,0.01294711650503196,0.009641277994345776,0.012001568950768204,0.002572600417916293,0.005125822780658096,2,Weak Pullback / Neutral,2,Strong Uptrend,-0.00882385792471796,0.013626717301463196,0.003239137719200258,-0.009940801965821477,0.09016393442622951,DOWN
20251226,0.005125822780658096,-1.6704106089160398e-4,0.005293748114850949,0.006442607032180407,-0.025927556974567875,0.4941832727806525,0.008759078103054667,0.012923697702838358,0.008119310731527385,0.01540352567972314,0.006643270746391039,0.02200651840921486,1,Mild Trend Up,1,Strong Downtrend,0.008270928802950772,0.02011847546663686,0.018106627919973084,-7.823851570358809e-4,0.49444444444444446,UP
20251229,0.02200651840921486,0.01786577494017605,0.00406806434697371,0.017865774940175983,1,1,0.011100802096503389,0.013024635208902133,0.020340764760229835,0.03401204167816285,0.009765112289654931,-0.001514049469747203,3,Strong Momentum Up,4,Flat / Chop,0.03078924544666095,0.034366869037294016,0.03078924544666095,-0.002059843885516055,0.9873817034700315,UP
20251230,-0.001514049469747203,0.0048691318926974425,-0.006352251412501619,0.009397238263785395,0.518144986433076,0.6906865235221965,0.009834790702282069,0.013023150420670615,0.013491812807441494,0.028744087481950675,0.005233496207778021,0.022652138548563183,1,Mild Trend Up,2,Strong Uptrend,0.009293484000422403,0.026929982046678635,0.017425282500792116,-0.007075720773048855,0.6745098039215687,UP
20260105,0.03431620365093524,0.016324989724308736,0.017702225280819883,0.01723466116492273,0.9472184900005168,1,0.014486753008107332,0.01487125779830085,0.04481810221270455,0.07846235396698842,0.016628010926432735,0.015246137008857907,3,Strong Momentum Up,4,Flat / Chop,0.032200018941187514,0.036935315844303436,0.03314707832181085,-0.0013258831328724074,0.9717948717948718,UP
20260106,0.015246137008857907,0.017858405820084577,-0.002566436349388024,0.029347195321721687,0.6085217215583988,1,0.013141817405175732,0.014940914344741117,0.04142427081458466,0.08836161620246763,0.018554658149723346,0.005652456366042946,3,Strong Momentum Up,4,Flat / Chop,0.04349838037945397,0.06589541878759833,0.04349838037945397,-0.021749190189726986,1,UP
20260107,0.005652456366042946,-0.003346177831499708,0.009028846322952422,0.027050115356681833,-0.12370290430843306,0.5089042530902996,0.014066412771150085,0.014679814681739293,0.031618680779113006,0.08860965750297822,0.015211236067320888,2.878579005514137e-4,3,Strong Momentum Up,1,Strong Downtrend,-0.008494409291843641,0.06180116148045419,0.021496056167114475,-0.03657796654242873,0.46563814866760167,DOWN
20260108,2.878579005514137e-4,0.004614441356704413,-0.004306710393601421,0.02092478473519007,0.2205251530709456,0.2622881595954498,0.013542199637126166,0.014594221980998993,0.016332807037789276,0.08377042840848636,0.015332412002285079,0.007457589378129237,3,Strong Momentum Up,1,Strong Downtrend,0.01180438448566612,0.05431791958817787,0.05351912665305769,0.006656607792668856,0.21895424836601307,UP
20260109,0.007457589378129237,0.012425975486286767,-0.004907406791663127,0.019768038828559546,0.6285891885407692,0.9585709767827348,0.01327494650273737,0.014499763867523012,0.011416750111642893,0.0861283548104963,0.012354402545910359,0.008388035793012616,3,Strong Momentum Up,4,Flat / Chop,0.02810782053555605,0.04796949813796773,0.03369391736123428,-0.012413548501507332,0.8687615526802218,UP
20260112,0.008388035793012616,-0.0032544084474656065,0.011680457219122475,0.018317294563164728,-0.1776686200160864,0.6734918993450534,0.005389287184827059,0.014412719740240006,0.012431257745766144,0.08892353590374769,0.007377579673010448,0.014670957401993645,1,Mild Trend Up,1,Strong Downtrend,-0.0121324458673856,0.04060999241722133,0.004128401718763275,-0.0324374420759963,0.5456431535269709,DOWN
20260113,0.014670957401993645,0.006477337122200222,0.00814088899728338,0.01104351943206373,0.5865283401769542,0.9916548918455017,0.005182273501879924,0.014274020332110218,0.01982079091520017,0.09737990991633017,0.007318739480397074,0.006491007204911803,1,Mild Trend Up,2,Strong Uptrend,0.009060402684563762,0.024496644295302013,0.010486577181208157,-0.01317114093959737,0.9143835616438356,UP
20260114,0.006491007204911803,0.00810871793482204,-0.0016046986809360453,0.011478978083095495,0.7063971963465345,1,0.005129272075169802,0.014178221587767933,0.01882204273455712,0.09736970893829655,0.007477667308556146,0.01576288994344921,1,Mild Trend Up,2,Strong Uptrend,0.015786835950551303,0.021466755763448045,0.017039759438690183,-0.0030905446040762063,0.9027237354085603,UP
20260115,0.01576288994344921,0.018527565985839933,-0.0027143850934605585,0.01955507262467096,0.9474557492803792,1,0.004326342068794758,0.013051811455676098,0.024049671429891673,0.10558747389399459,0.010577564095231695,0.009002601629127582,3,Strong Momentum Up,2,Strong Uptrend,0.04140443855581322,0.04388870486916197,0.04165286518714817,-8.280887711162865e-4,0.9905660377358491,UP
20260116,0.009002601629127582,0.004165420808385889,0.0048171155075700245,0.01200247713090385,0.34704676067748547,0.7430061520544824,0.004099094775356568,0.01091017410148241,0.022166681128870103,0.10482670626522905,0.010861341644478939,0.013204575907852512,1,Mild Trend Up,4,Flat / Chop,0.00973465222169878,0.030852567121997174,0.018684251844873545,-0.01138326267859946,0.7048346055979644,UP
20260119,0.013204575907852512,0.01558376929392935,-0.002342685515475562,0.01851574184850663,0.8416497389860866,0.857862088548151,0.003934688114644969,0.010887808958552868,0.023565993860118706,0.10868339376823588,0.011819428227163531,-0.0038555487327501803,1,Mild Trend Up,4,Flat / Chop,0.03493655021149933,0.04488485038383205,0.043083189722700865,0,0.794066317626527,UP
20260120,-0.0038555487327501803,-0.0029650929729080344,-8.931038959280047e-4,0.022774229747922755,-0.1301950935652813,0.5543912459474004,0.007601201276045504,0.00975756139621629,0.011467041946015,0.09339493072990601,0.008060117636562003,0.004949122607839085,1,Mild Trend Up,4,Flat / Chop,-0.010941417825393263,0.046425043689689235,0.012537041258263049,-0.032292378998556304,0.486088379705401,DOWN
20260121,0.004949122607839085,0.021000518951265645,-0.01572124210075221,0.021503732113518633,0.9765987987761117,0.9941024817738828,0.007714301909373051,0.009794682637622848,0.008670188280730962,0.0879788880829595,0.007735658454388172,0.008676214905280588,1,Mild Trend Up,2,Strong Uptrend,0.05203277905959114,0.05664730686609913,0.05497652955684629,0.0027050680245046532,0.9325842696629213,UP
20260122,0.008676214905280588,-0.006923973850685217,0.015708957164594972,0.01711832546319337,-0.40447728754618556,0.21506194305585744,0.006433081721217991,0.009438404814285688,0.010984030951630919,0.08722052406672143,0.006367654140999601,0.00757997239613073,2,Weak Pullback / Neutral,1,Strong Downtrend,-0.01852928353437,0.039093155064670836,0.011916872547594881,-0.025650341520127906,0.19516728624535315,DOWN
20260123,0.00757997239613073,0.0012017756536535362,0.006370540781665213,0.0190425648226051,0.06310996784565916,0.6727408360128617,0.00631939631610767,0.009319677708233673,0.0124745334939107,0.08506704478217775,0.006096675324722911,-0.008112107023489967,1,Mild Trend Up,2,Strong Uptrend,0.0020506811190859064,0.04020799765636444,0.017357550900835017,-0.022337776475757964,0.6156648451730419,UP
20260126,-0.008112107023489967,-0.0095947596092687,0.0014970160953449163,0.01660416521331491,-0.5778525740983741,0.10617089259339896,0.007430194929091398,0.009803838599949901,0.0024335672031174926,0.06651347171132294,0.0018232275697149802,0.027327568177603068,2,Weak Pullback / Neutral,2,Strong Uptrend,-0.021399357288927834,0.03724802804557406,0.012927256792287567,-0.022421852176453427,0.041176470588235294,DOWN
20260127,0.027327568177603068,0.03080546225961167,-0.0033739577537595933,0.0393541873895515,0.7827747008134253,1,0.012679323891545548,0.010524904727832067,0.021588838159966706,0.08449837048068565,0.008064693335188888,0.016905112104901754,3,Strong Momentum Up,4,Flat / Chop,0.07857142857142851,0.09511278195488722,0.07857142857142851,-0.015939849624060143,1,UP
20260128,0.016905112104901754,0.004940329343269267,0.011905963381379614,0.011396635660390411,0.43349015362837756,0.7846205087638952,0.013061898363075607,0.010290823833041259,0.02808195112358569,0.0917685220857849,0.01048258930994117,0.009754746516441815,3,Strong Momentum Up,2,Strong Uptrend,0.00856210926882306,0.030239195433541723,0.017803751019298764,-0.010600706713780883,0.6741573033707865,UP
20260129,0.009754746516441815,-0.004228141595623347,0.014042260778961424,0.03423142696333314,-0.12351636991798037,0.8252832601096315,0.013033634249870389,0.009914166317312702,0.027135061125521,0.09082107725242716,0.010685614039284363,5.956166207805591e-4,3,Strong Momentum Up,4,Flat / Chop,-0.010365058670143368,0.07692307692307693,0.004302477183833142,-0.06877444589309001,0.7974576271186441,DOWN
20260130,5.956166207805591e-4,0.002688833833124127,-0.002087603992099618,0.02339581570148884,0.11492797974780894,0.20164068383189399,0.013802040890677667,0.009753929076405668,0.018359597129885774,0.08114022574417046,0.009218003872389247,-0.052578679224774216,1,Mild Trend Up,2,Strong Uptrend,0.019350103422966614,0.059584973643824646,0.05878427970908118,0.00393674517915521,0.3325867861142217,UP
20260202,-0.052578679224774216,-0.03376205757132267,-0.019474107595231938,0.05136626897818213,-0.6572807066377183,0.06114791515893782,0.031192157068710098,0.015736982100813982,-0.035187417462791304,0.01910568045792793,3.1218495375462396e-6,0.0683702472268708,4,Oversold Rebound,3,Mild Up Drift,-0.07468623551196762,0.11233797407585214,0.0319593992181606,-0.07886976201906593,0.04151404151404151,DOWN
20260203,0.0683702472268708,0.03387613959195357,0.03336386856604623,0.03651553379141512,0.927718591913831,1,0.043155797068613666,0.021070997119733946,0.022674503591546102,0.08030103983429449,0.007922905785635148,0.01569946337890671,3,Strong Momentum Up,4,Flat / Chop,0.07549120992761127,0.08135125818683213,0.07549120992761127,-0.005170630816959676,1,UP
20260204,0.01569946337890671,0.020983885737558827,-0.005175813675878493,0.025435741484958047,0.8249763723211322,0.9565068255711695,0.04310119123929115,0.021131097563972957,0.030744852456919824,0.08814655267072191,0.007746914314701536,-0.03863831797289696,3,Strong Momentum Up,4,Flat / Chop,0.04641432960711245,0.06001176701313983,0.05020592272994695,-0.007321697064783916,0.9248366013071896,UP
20260205,-0.03863831797289696,-0.01665577315610245,-0.02235488267150232,0.03088912340390078,-0.5392115839065581,0.1317488748739407,0.047880504551232377,0.023580778051241296,-0.006882801083104351,0.039665586241009576,-0.002213831177761083,-0.014414385790020967,4,Oversold Rebound,3,Mild Up Drift,-0.03236459709379125,0.06803170409511229,0.02298546895640685,-0.04319682959048876,0.1679611650485437,DOWN
20260206,-0.014414385790020967,0.01515818115462153,-0.029130994059474835,0.044177856070134296,0.3431171745989051,0.8571822272587974,0.048200607764757535,0.024040749812676298,-0.016080212255478843,0.01951859127968736,-0.005201402930670174,0.04104817252653592,4,Oversold Rebound,4,Flat / Chop,0.0503116978364504,0.09981664833149982,0.061312797946461384,-0.03711037770443715,0.8824393828067597,UP
20260209,0.04104817252653592,-2.0004502164794324e-4,0.04125647069975802,0.01080749909906025,-0.01850983468185422,0.5755185908311947,0.042626084860056486,0.02532308542902714,0.010693276084734693,0.054258382648239456,0.013470576268338474,6.88915583279659e-4,3,Strong Momentum Up,1,Strong Downtrend,-0.00147814910025712,0.02384318766066838,0.010089974293059134,-0.011568123393316143,0.42857142857142855,DOWN
20260210,6.88915583279659e-4,-0.00906880662357179,0.00984702295383788,0.014382649629514029,-0.630537964643324,0.19519144129852659,0.03011955648800468,0.025296698685135878,0.010864653191153817,0.04863024156503526,5.192636222215441e-4,0.00995914388662733,3,Strong Momentum Up,2,Strong Uptrend,-0.01979324256177506,0.028744326777609682,0.005610186585980781,-0.021432173474533522,0.06578947368421052,DOWN
20260211,0.00995914388662733,0.011473952184179348,-0.00149762462422387,0.02204490112160567,0.5204810001589945,0.8308507878595158,0.029516680664292572,0.02530907429134783,0.021579062953980266,0.05250168444961023,-6.333951578051389e-4,0.031334408657453405,3,Strong Momentum Up,4,Flat / Chop,0.02328891189028326,0.05045930909561392,0.03486867641350755,-0.013002975805408212,0.7666666666666667,UP
20260212,0.031334408657453405,0.01785675875303827,0.013241204902865178,0.02262510103545081,0.7892454811608961,1,0.022542145066024,0.025839851595236284,0.03936363308360846,0.07780431852810876,0.013687226733789082,-0.0027634023422029586,3,Strong Momentum Up,4,Flat / Chop,0.040618480795189704,0.05104920849183949,0.040618480795189704,-0.008896797153024938,0.984375,UP
20260213,-0.0027634023422029586,-0.0012151882053950125,-0.001550097797368588,0.018648117733511937,-0.0651641212673809,0.2537421168604209,0.01927126921471209,0.02593460717514351,0.020440225623992392,0.06788261435602028,0.01572970876538804,0.030913370707574828,3,Strong Momentum Up,4,Flat / Chop,0.0033795802205620618,0.04310447053243211,0.03355863868137088,-0.007470651013874119,0.29160935350756534,UP
20260219,0.030913370707574828,0.0062317611423625685,0.024528752240131402,0.011818260493292947,0.5272993555946104,0.934014352665495,0.016286999945317862,0.026462193261404632,0.03740638410901864,0.09270922809882509,0.014053401557896583,0.023123833749834954,3,Strong Momentum Up,2,Strong Uptrend,0.008988764044943753,0.02651685393258427,0.01174157303370782,-0.012528089887640426,0.8771186440677966,UP
20260220,0.023123833749834954,0.019596594941850398,0.0034594454566472255,0.02199973584134916,0.890765011142452,0.988986114790631,0.014707746695551433,0.026531200293480443,0.042092503442464624,0.10813611418570424,0.018523013417660605,0.00646636239857723,3,Strong Momentum Up,4,Flat / Chop,0.04034980904411367,0.04809874356561687,0.042397741739082395,-0.005202856035866454,0.953970080552359,UP
20260223,0.00646636239857723,-0.009659318706895181,0.01628296343882063,0.023596043829188618,-0.40936178864638617,0.38423436371667147,0.015287148685687282,0.026521111974963745,0.03065107806443379,0.10543033644282462,0.017639309311423323,0.02113383411321279,3,Strong Momentum Up,1,Strong Downtrend,-0.025040966816878285,0.05248873412535846,0.006452273658336782,-0.04209340434248254,0.335609756097561,DOWN
20260224,0.02113383411321279,0.01984463202019837,0.0012641161727355854,0.0331478494989167,0.5986702703246816,1,0.013621819109530437,0.026656658684749833,0.036089364162429804,0.11804099993251516,0.01577404747092781,0.019133435843132984,3,Strong Momentum Up,4,Flat / Chop,0.04667957506933895,0.0748338479250615,0.047098225966822005,-0.027159976974200584,0.990909090909091,UP
20260225,0.019133435843132984,0.010154858449761495,0.008888317784414124,0.026637582907765137,0.3812229692507632,0.6207066572112941,0.008859133981098359,0.026732926276227167,0.03518518570829632,0.12788044870700044,0.02002359395908959,0.03672177881650063,3,Strong Momentum Up,4,Flat / Chop,0.023756824553637257,0.0571540996507796,0.044316560916826564,-0.01082091387536277,0.6333907056798623,UP
20260226,0.03672177881650063,0.030426291149022067,0.006109595340835661,0.033631573527132426,0.904694248827683,0.9708539590750497,0.010792529723131316,0.026986521530910534,0.050672687145939754,0.15476556311709277,0.021439921548970453,-0.010010691871955468,3,Strong Momentum Up,4,Flat / Chop,0.07703984819734355,0.0842504743833017,0.07822580645161281,-0.002561669829222013,0.9819819819819819,UP
20260227,-0.010010691871955468,0.007525570299216966,-0.017405277531531538,0.031228776769830276,0.240981910840881,0.46636223730352955,0.017495847984346967,0.027200288976680625,0.025275358022393446,0.13120088596145485,0.014512558482775884,-0.07242317745620142,3,Strong Momentum Up,4,Flat / Chop,0.020730141258484602,0.06984956888644285,0.05485232067510548,-0.014034122179416575,0.5101772816808929,UP
20260303,-0.07242317745620142,-0.060540254820383055,-0.01264867674936565,0.063064207541968,-0.9599780474541704,6.693768265007918e-4,0.043303053360495974,0.03286676840090444,-0.047283227239083625,0.04340552824872668,-0.0017792422496529792,-0.12057682152301596,4,Oversold Rebound,3,Mild Up Drift,-0.12410714285714286,0.14027255639097744,0.015554511278195404,-0.12410714285714286,0,DOWN
20260304,-0.12057682152301596,-0.08923411489673483,-0.03441357119203847,0.10955030477689856,-0.8145492162569695,0.0556414515105822,0.06570336948205258,0.04336877957253103,-0.137293776843038,-0.08134823234453459,-0.02882210652918693,0.09627093524752262,4,Oversold Rebound,3,Mild Up Drift,-0.17195207892882314,0.24224806201550386,0.05203194738078465,-0.18123091378905332,0.04096969696969697,DOWN
20260305,0.09627093524752262,0.0634136466415296,0.03089793770257021,0.0889691575620492,0.7127598864505773,0.7187321011242062,0.08590718693946457,0.048452744202272566,-0.037947003033389826,0.00383652884017871,-0.016935905728522882,1.737521912494877e-4,3,Strong Momentum Up,1,Strong Downtrend,-0.001595367525407676,0.0826045852044434,0.048392814937367135,-0.031907350508154075,0.382689556509299,DOWN
20260306,1.737521912494877e-4,0.01709155991462974,-0.016633515005080035,0.04165163487366491,0.4103454754290155,0.8902108890302691,0.08197707151972315,0.046583347360966025,-0.01321630096553661,-0.0016890129009485833,-0.024892530425428383,-0.059625379464992134,4,Oversold Rebound,2,Strong Uptrend,0.048623681418138665,0.0902565382934898,0.05499032519817737,-0.03152112851881905,0.8983402489626556,UP
20260309,-0.059625379464992134,-0.002563922326358936,-0.05720813435154659,0.043920894538849155,-0.05837591317934209,0.6733119378404628,0.08325970500857462,0.04651651925291157,-0.03833356344192118,-0.06090976511599022,-0.0350642267906347,0.053451384040097416,4,Oversold Rebound,2,Strong Uptrend,0.017387053976677613,0.096292158368829,0.04496892675092523,-0.047622372739333896,0.696881798404641,UP
20260310,0.053451384040097416,0.0016982665657903073,0.05166537589381748,0.03041709462217945,0.05583263578869047,0.6232735770089286,0.0866536743116402,0.047902091157727464,0.022781988339967807,-0.012140368217020692,-0.009496793914718915,0.013982665215982237,3,Strong Momentum Up,1,Strong Downtrend,0.013021476178721292,0.06837817822759812,0.03579363120217227,-0.029560602320414686,0.6453068592057761,UP
20260311,0.013982665215982237,-0.008618559971089956,0.022797708605895695,0.03298801050197432,-0.261263405702328,0.26924666492283544,0.05852803158146923,0.04695366532739062,0.017652926755120424,-0.002303402519931219,0.0190932283550711,-0.0047594353573423565,3,Strong Momentum Up,4,Flat / Chop,-0.025295892318403346,0.0696217219772569,0.025585982826641818,-0.04049663495010447,0.2625,DOWN
20260312,-0.0047594353573423565,0.002801917852213176,-0.007540226115393067,0.018248203668882048,0.1535448586093543,0.5490157442472943,0.04070735850210694,0.046790419928266686,0.012833354668580155,-0.011395532563626243,-2.3578641492161267e-5,-0.01719603557515781,3,Strong Momentum Up,1,Strong Downtrend,0.005721241631162499,0.04248326232501522,0.028545343883140673,-0.012294583079732191,0.4355300859598854,UP
20260313,-0.01719603557515781,0.013829398059916675,-0.03060222330743745,0.026803282940482606,0.5159591118231724,0.6529284456905518,0.04149120607612053,0.046285189246749694,-0.0010449416652461574,-0.03002037192613105,-0.0035421233770612792,0.011410082410649336,4,Oversold Rebound,1,Strong Downtrend,0.035389610389610304,0.0662987012987013,0.056558441558441475,-0.002207792207792214,0.6767874632713027,UP
20260316,0.011410082410649336,0.007082480408082237,0.004297167398656043,0.02044521967128055,0.3464125366200357,0.8973122193908506,0.026710706108965022,0.04632152336116197,-4.909390751361986e-4,-0.021099908584346516,0.010849483385363623,0.016330149682920903,3,Strong Momentum Up,2,Strong Uptrend,0.02268336760765255,0.04648844020689225,0.02692091979809308,-0.018757400137097258,0.9021447721179625,UP
20260317,0.016330149682920903,-0.012486401249606094,0.029180915552952102,0.014753671769464358,-0.8463249992757192,0.09042500796708867,0.014427268722241118,0.046391321432568446,0.01189882405433651,-0.007617300039366337,0.003886129078706224,0.05044779977463065,3,Strong Momentum Up,2,Strong Uptrend,-0.021919532993761814,0.030504206490013164,0.005780346820809301,-0.023865392319578738,0.08442776735459662,DOWN
20260318,0.05044779977463065,0.02738459274604632,0.022448464957937286,0.029167165141777328,0.9388842766492305,0.9445911975244852,0.02563093811164054,0.04718167956757651,0.051064588193658444,0.03876580819680919,0.0113050189895334,-0.027309494834587222,3,Strong Momentum Up,4,Flat / Chop,0.06359930761069843,0.0686805516779273,0.06600033502708125,-2.2335138757045847e-4,0.9577235772357724,UP
20260319,-0.027309494834587222,3.15949687724304e-4,-0.027616719028558445,0.02159890712596214,0.014628040478236473,0.19503399999215235,0.030644959773624678,0.04769998306577831,0.015874060991647898,0.008133453369607802,0.006385126374411465,0.003119780226762847,4,Oversold Rebound,4,Flat / Chop,0.005109489051094984,0.051038742279618195,0.043121841661987625,-0.0071308253790005605,0.24202420242024203,UP
20260320,0.003119780226762847,-0.005530357161305677,0.00869824177174161,0.011876119260447543,-0.4656703961978585,0.23986166315402352,0.027902608098432424,0.047258526662334904,0.008591158088996353,0.010360012763585225,0.010363175035976724,-0.06494329596420512,3,Strong Momentum Up,2,Strong Uptrend,-0.014834831522638314,0.02707770363425798,0.008878839684552942,-0.01737164286108206,0.109979633401222,DOWN
20260323,-0.06494329596420512,-0.03125362318143088,-0.03477656648731264,0.03265323765961358,-0.957137038208197,0.042862961791803114,0.04383171730254076,0.0492470704543088,-0.05214429978928292,-0.05191921220901197,-0.005027955423294261,0.0274096881792536,4,Oversold Rebound,1,Strong Downtrend,-0.054893330888196146,0.07066446604315667,0.005257045051653586,-0.061556329849012825,0.10121107266435986,DOWN
20260324,0.0274096881792536,-0.014948081039685146,0.04300054484807836,0.04395553005213287,-0.3400728195509461,0.6405598594046765,0.04539828535749083,0.049666626958456,-0.023198766092439538,-0.023430551654089693,-0.0030355249483849933,0.015896887298420648,3,Strong Momentum Up,2,Strong Uptrend,-0.026552335895919543,0.08976936723832052,2.3654642223536193e-4,-0.08580721466587815,0.6745718050065876,DOWN
20260325,0.015896887298420648,-0.006710898251195085,0.022760529144850272,0.0195235820981739,-0.3437329388351737,0.10946883640654444,0.03727319019298308,0.0495554597440625,0.0023004626201237333,-0.005041979123366458,-0.009948244020671071,-0.032212555232489226,3,Strong Momentum Up,1,Strong Downtrend,-0.01609141791044777,0.04932369402985075,0.027052238805970186,-0.019822761194029814,0.11583924349881797,DOWN
20260326,-0.032212555232489226,-0.02388249254689534,-0.008533872840093548,0.02685884642392814,-0.8891853421381033,0.08212874376039933,0.03792861427486714,0.049753081961482315,-0.01943862862321666,-0.03177017034439167,-0.010756662536634765,-0.00395385075697785,4,Oversold Rebound,2,Strong Uptrend,-0.04779233381853465,0.060953420669577874,0.0034570596797671715,-0.056465308102862655,0.14925373134328357,DOWN
20260327,-0.00395385075697785,0.026083838930311742,-0.029274108554914746,0.04573241083973883,0.5703578370647894,0.9024805873644137,0.0374388671265956,0.048815118524019874,-0.01115803178972341,-0.02811578938206949,-0.012294775651542023,-0.029706595123391133,4,Oversold Rebound,4,Flat / Chop,0.06388223211229027,0.0999657651489216,0.07155083875385149,-0.026223895926052676,0.9157534246575343,UP
20260330,-0.029706595123391133,0.01842988992234118,-0.04726538912698541,0.028200603713078545,0.6535282049225793,0.8627912882509006,0.026636050584277007,0.04909337122056467,-0.0360307382460594,-0.04877019497253343,-0.004670710688545965,-0.042605092011313905,4,Oversold Rebound,4,Flat / Chop,0.040019974318733054,0.06734198887145099,0.05022114424311597,-0.014124696818376359,0.8336864406779662,UP
20260331,-0.042605092011313905,-0.01774775972053466,-0.025306465357316954,0.03713244228432564,-0.47795831969895286,0.04957972022251309,0.023923902278270206,0.047433422192499915,-0.05987801154744743,-0.08318754214920465,-0.018319671280176864,0.08436291186282063,4,Oversold Rebound,1,Strong Downtrend,-0.027844770883578174,0.07922239275012789,0.04450778338083761,-0.03179127384345537,0.06088560885608856,DOWN
20260401,0.08436291186282063,0.02789100178619819,0.054939589877223804,0.0450052684509838,0.6197274840516698,0.8598053224880616,0.051845322387976116,0.04326867986934952,0.025674566727426074,-0.009304590083761832,-0.006084922084657607,-0.04465482357189754,3,Strong Momentum Up,4,Flat / Chop,0.07912388774811774,0.0971252566735113,0.0928131416837783,-0.003285420944558526,0.8484848484848485,UP
20260402,-0.04465482357189754,-0.05721503543447015,0.013322456694417895,0.07283369603199195,-0.7855572152941218,0.15773406640913212,0.053752147252167946,0.0387843930622159,-0.011749042563183654,-0.05054067229386772,-0.008477307778698928,0.02736886452087406,4,Oversold Rebound,3,Mild Up Drift,-0.12206717708076065,0.16108915781674488,0.009014571499135648,-0.1496665843418128,0.17592947489459562,DOWN
20260403,0.02736886452087406,3.34816238024338e-4,0.027024999874059263,0.01916664002185843,0.017468697572580877,0.590893149957821,0.05601875597022086,0.039356275862649406,0.017664376114558067,-0.02271514559065857,-0.002325041699959174,0.013581216612441382,3,Strong Momentum Up,2,Strong Uptrend,0.007296338443001593,0.03855679764375126,0.021889015329004557,-0.014257982462012153,0.5972222222222222,UP
20260406,0.013581216612441382,0.004974781266732009,0.008563832153938522,0.018567804994696596,0.267925113827564,0.4510432375032124,0.05378253638780219,0.036964033134343065,0.024773982423311525,-0.01122561586932136,0.006549262702935099,0.00815541561595512,3,Strong Momentum Up,1,Strong Downtrend,0.010327472383816039,0.04856526570364076,0.039087522060265334,-1.3072749852927057e-4,0.40646029609690443,UP
20260407,0.00815541561595512,-0.010340092261947986,0.0186887512905074,0.030697786495949963,-0.33683510904970765,0.41257831725686916,0.04618873938087609,0.03501420828047351,0.01622846926745969,-0.002819750352460515,0.01663304208266836,0.068712500474305,3,Strong Momentum Up,2,Strong Uptrend,-0.018541409147095234,0.0630407911001236,0.01792336217552526,-0.04388133498145863,0.4068627450980392,DOWN
20260408,0.068712500474305,0.011652565362828105,0.05640269897503036,0.02508313827712019,0.46455771339653706,0.6754105617578113,0.0407581463870001,0.038143889610190565,0.07046972344821545,0.06316770830322627,0.014560285689892982,-0.016063456924312103,3,Strong Momentum Up,4,Flat / Chop,0.015330778203632711,0.05465755707382103,0.03871576959395662,-0.015441870799311253,0.5721544715447154,UP
20260409,-0.016063456924312103,-0.0083138837651906,-0.00781454235594703,0.018007520592797695,-0.4616895325676204,0.19557326085742474,0.0312596387902703,0.03834769630013918,0.03279224411458759,0.04424851755445092,0.01983170880586571,0.013994498943833644,3,Strong Momentum Up,1,Strong Downtrend,-0.02347052280311457,0.037986651835372635,0.009788654060066682,-0.026974416017797598,0.0951683748169839,DOWN
20260410,0.013994498943833644,-0.002935610514418263,0.016979955995606977,0.011531378575261665,-0.2545758510362321,0.11865506009857896,0.031080691603616383,0.038142176946968316,0.029521728615724552,0.05531828514734238,0.017215688582071564,-0.008576739029013014,3,Strong Momentum Up,1,Strong Downtrend,-0.0038461538461538325,0.028186813186813188,0.0204945054945056,-0.006318681318681296,0.11306042884990253,DOWN
20260413,-0.008576739029013014,0.012434522056223418,-0.02075320490115562,0.016994116314887835,0.73169571314102555,0.8040014022435897,0.0333102205288559,0.03819869183889319,0.007999305859714978,0.04383441460288218,0.012591758239504758,0.027395470800653632,3,Strong Momentum Up,2,Strong Uptrend,0.030624673742822406,0.039092860042920945,0.03625079751754545,0.0010440229685053648,0.8204747774480712,UP
20260414,0.027395470800653632,0.0013003355704697128,0.02606124686387612,0.014796970034605705,0.08787850265484766,0.333597249367432,0.03368456834633491,0.03848150627219649,0.018888475840894037,0.06928641408838931,0.01641538398574638,0.020718048966319014,3,Strong Momentum Up,4,Flat / Chop,0.0039974416373520505,0.03624347084532566,0.02931457200724874,-0.005543119070461566,0.2897058823529412,UP
20260415,0.020718048966319014,-0.008175387543819523,0.029131598618616694,0.019372798387533405,-0.4220034390633272,0.2282750101571381,0.01888400729680435,0.037123633161118066,0.03227663657181301,0.08981567951734037,0.00747979788481179,0.022106557771931934,3,Strong Momentum Up,2,Strong Uptrend,-0.015556660039761416,0.04025844930417495,0.013866799204771407,-0.025149105367793245,0.25555555555555554,DOWN
20260416,0.022106557771931934,0.012449742563138022,0.009538068708819791,0.017069663104061914,0.7293490496701989,0.9525579361609094,0.01408580164571356,0.03670998850425068,0.03931430645757006,0.109314899186709,0.01518540937921542,-0.00548178763150986,3,Strong Momentum Up,4,Flat / Chop,0.029651075725053655,0.03624020366395447,0.030749263714870523,-0.004143163779763426,0.9490358126721763,UP
20260417,-0.00548178763150986,-0.005686250095267464,2.0563173724319483e-4,0.011311419263560045,-0.5026999674201621,0.45485612882206555,0.016891090539688226,0.036777398867337247,0.022250400744536325,0.09921189664676744,0.0111191987739645,0.00438796402695929,3,Strong Momentum Up,2,Strong Uptrend,-0.00774023950929803,0.022393145750170384,0.003943140882095131,-0.017768474345243868,0.4673913043478261,DOWN
20260420,0.00438796402695929,8.319904247238163e-4,0.0035530175256752727,0.016351975010741697,0.050880118406320125,0.4166902934689111,0.013802768718843395,0.03300332445329637,0.01300648013530159,0.09612191039236939,0.013553238664784084,0.027235556222744206,3,Strong Momentum Up,4,Flat / Chop,0.0039024390243902474,0.03517073170731707,0.021170731707317092,-0.013512195121951232,0.49514563106796117,UP
20260421,0.027235556222744206,0.01363421338835824,0.013418393592812494,0.013634213388358272,1,1,0.013763593311250745,0.0329978297504404,0.026526762752102417,0.1177548459083293,0.01370593815713872,0.004611426514762318,3,Strong Momentum Up,2,Strong Uptrend,0.02981880439435014,0.029961478099586245,0.02981880439435014,0.005754506111190327,1,UP
20260422,0.004611426514762318,0.004753036349972595,-1.4093994254027464e-4,0.01640377738654551,0.2897525513770446,0.9488466377743604,0.013621811218345405,0.03294372603525873,0.020550884628203203,0.11534039954034547,0.010493970479158454,0.00901846564659059,3,Strong Momentum Up,2,Strong Uptrend,0.005498313542484867,0.03225061220718015,0.0065148084831123665,-0.02444208289054195,0.9455587392550143,UP
20260423,0.00901846564659059,-0.00200652804503898,0.011047160128244915,0.03832118655827126,-0.05236080156306762,0.670434261813826,0.012013755619079981,0.03162653551363055,0.02163964638101956,0.11555690827500209,0.007943154290797949,-2.7822894683393606e-5,3,Strong Momentum Up,3,Mild Up Drift,-0.005277280858676181,0.08412343470483005,0.02437388193202139,-0.05876565295169944,0.644869750132908,DOWN
20260424,-2.7822894683393606e-5,-0.0031511544674528436,0.003133204785025212,0.01736423438551962,-0.18147385006969272,0.6373206818634368,0.010660179558486712,0.031553803458268484,0.012547146836037637,0.1056525226236944,0.008951755580981269,NA,3,Strong Momentum Up,2,Strong Uptrend,-0.014970059880239472,0.04325677004200554,0.0054070962552505986,-0.03566002323710782,0.490702479338843,DOWN
